user_id,algorithm,rank,item_id,score
239,UserCF,1,1589561,1.3059
239,UserCF,2,1458986,0.8944
239,UserCF,3,619538,0.8433
239,ItemCF,1,1589561,1.2792
239,ItemCF,2,5111655,0.4835
239,ItemCF,3,3823922,0.4215
507,UserCF,1,3245292,0.6422
507,UserCF,2,5099668,0.4928
507,UserCF,3,531558,0.4743
507,ItemCF,1,3245292,0.2972
507,ItemCF,2,2851250,0.2887
507,ItemCF,3,3003830,0.2887
1203,UserCF,1,3755965,0.8775
1203,UserCF,2,766784,0.4234
1203,UserCF,3,144579,0.2925
1203,ItemCF,1,3755965,0.7276
1203,ItemCF,2,766784,0.4961
1203,ItemCF,3,144579,0.2287
1263,UserCF,1,77819,1.206
1263,UserCF,2,128495,1.206
1263,UserCF,3,4847828,0.8581
1263,ItemCF,1,77819,0.6917
1263,ItemCF,2,4847828,0.6862
1263,ItemCF,3,4697995,0.4575
1319,UserCF,1,2751276,0.6
1319,UserCF,2,1577659,0.5963
1319,UserCF,3,284834,0.5071
1319,ItemCF,1,1577659,0.5685
1319,ItemCF,2,2751276,0.5455
1319,ItemCF,3,4364467,0.4201
1616,UserCF,1,1301570,0.6708
1616,UserCF,2,4989871,0.5
1616,UserCF,3,2143473,0.5
1616,ItemCF,1,1301570,0.4009
1616,ItemCF,2,1704995,0.25
1616,ItemCF,3,4989871,0.2041
1714,UserCF,1,4063028,0.4743
1714,UserCF,2,4580112,0.4472
1714,UserCF,3,1508204,0.4472
1714,ItemCF,1,1877844,0.4082
1714,ItemCF,2,4063028,0.3693
1714,ItemCF,3,2879576,0.2887
1877,UserCF,1,4515398,0.686
1877,UserCF,2,3092217,0.6708
1877,UserCF,3,469421,0.6708
1877,ItemCF,1,3092217,0.5
1877,ItemCF,2,4515398,0.3152
1877,ItemCF,3,3397177,0.2315
2117,UserCF,1,3289083,0.9204
2117,UserCF,2,4632023,0.9204
2117,UserCF,3,4886026,0.8677
2117,ItemCF,1,3289083,1.206
2117,ItemCF,2,4632023,0.603
2117,ItemCF,3,4886026,0.5264
2344,UserCF,1,2343757,1.6971
2344,UserCF,2,1924468,1.4082
2344,UserCF,3,145860,1.1325
2344,ItemCF,1,2343757,0.3608
2344,ItemCF,2,3334114,0.1715
2344,ItemCF,3,460586,0.1715
2548,UserCF,1,2948329,0.7887
2548,UserCF,2,3504111,0.6708
2548,UserCF,3,1858115,0.5
2548,ItemCF,1,3504111,0.2224
2548,ItemCF,2,3053524,0.1925
2548,ItemCF,3,3015046,0.1491
2639,UserCF,1,2761782,0.5883
2639,UserCF,2,1290949,0.5123
2639,UserCF,3,1917129,0.5
2639,ItemCF,1,2761782,0.2631
2639,ItemCF,2,1917129,0.1826
2639,ItemCF,3,1290949,0.1581
2657,UserCF,1,1843785,0.8165
2657,UserCF,2,70176,0.6325
2657,UserCF,3,1274610,0.6124
2657,ItemCF,1,1274610,0.3397
2657,ItemCF,2,55419,0.1826
2657,ItemCF,3,1843785,0.1782
2674,UserCF,1,3670888,0.9428
2674,UserCF,2,3718042,0.5883
2674,UserCF,3,4447137,0.5
2674,ItemCF,1,4250427,0.3333
2674,ItemCF,2,3670888,0.3333
2674,ItemCF,3,751298,0.25
2707,UserCF,1,3450493,1.0
2707,UserCF,2,2663450,0.5
2707,UserCF,3,1656532,0.5
2707,ItemCF,1,3450493,0.5774
2707,ItemCF,2,2663450,0.2887
2707,ItemCF,3,1656532,0.2887
2729,UserCF,1,1989476,0.9966
2729,UserCF,2,1274069,0.9046
2729,UserCF,3,4491210,0.8165
2729,ItemCF,1,5088787,0.2535
2729,ItemCF,2,2569028,0.1925
2729,ItemCF,3,1989476,0.1898
2736,UserCF,1,128495,0.744
2736,UserCF,2,2250189,0.5477
2736,UserCF,3,882874,0.5477
2736,ItemCF,1,882874,0.2417
2736,ItemCF,2,2250189,0.2224
2736,ItemCF,3,4678243,0.208
3636,UserCF,1,3209415,0.7303
3636,UserCF,2,3704297,0.6664
3636,UserCF,3,2364679,0.6265
3636,ItemCF,1,2499853,0.433
3636,ItemCF,2,1690295,0.3015
3636,ItemCF,3,3209415,0.2202
3991,UserCF,1,2376866,0.5883
3991,UserCF,2,2019056,0.5883
3991,UserCF,3,3377667,0.4804
3991,ItemCF,1,3377667,0.5477
3991,ItemCF,2,2019056,0.5477
3991,ItemCF,3,1708426,0.5
4560,UserCF,1,1992230,1.2247
4560,UserCF,2,3716319,0.9998
4560,UserCF,3,3011437,0.9246
4560,ItemCF,1,1992230,0.4845
4560,ItemCF,2,4989871,0.2801
4560,ItemCF,3,58511,0.2425
4981,UserCF,1,3438964,0.6325
4981,UserCF,2,250498,0.6325
4981,UserCF,3,705200,0.5477
4981,ItemCF,1,3438964,0.4364
4981,ItemCF,2,3307905,0.3536
4981,ItemCF,3,705200,0.3198
5057,UserCF,1,1163632,0.7746
5057,UserCF,2,44126,0.6124
5057,UserCF,3,1867670,0.5
5057,ItemCF,1,82156,0.9637
5057,ItemCF,2,1867670,0.4819
5057,ItemCF,3,1163632,0.4804
5091,UserCF,1,3004746,0.6708
5091,UserCF,2,2174346,0.2236
5091,UserCF,3,4318526,0.1826
5091,ItemCF,1,2973329,0.2357
5091,ItemCF,2,2261965,0.2357
5091,ItemCF,3,3004746,0.2132
5258,UserCF,1,2778699,0.5744
5258,UserCF,2,230577,0.4818
5258,UserCF,3,4123377,0.4216
5258,ItemCF,1,4823470,0.4472
5258,ItemCF,2,593972,0.3536
5258,ItemCF,3,4123377,0.3482
5629,UserCF,1,189250,1.0607
5629,UserCF,2,4649427,0.6759
5629,UserCF,3,3716319,0.5123
5629,ItemCF,1,189250,0.4587
5629,ItemCF,2,1692600,0.3162
5629,ItemCF,3,478262,0.2604
6041,UserCF,1,2469337,1.0079
6041,UserCF,2,4539052,0.6664
6041,UserCF,3,2364679,0.622
6041,ItemCF,1,2469337,0.4326
6041,ItemCF,2,1479532,0.2722
6041,ItemCF,3,3701586,0.2309
6252,UserCF,1,2751559,0.5774
6252,UserCF,2,4637129,0.5774
6252,UserCF,3,3056863,0.5774
6252,ItemCF,1,1404045,0.5
6252,ItemCF,2,4651640,0.378
6252,ItemCF,3,4406761,0.3536
6474,UserCF,1,1500142,0.6969
6474,UserCF,2,1037004,0.622
6474,UserCF,3,1876212,0.5
6474,ItemCF,1,5083960,0.2357
6474,ItemCF,2,810432,0.1826
6474,ItemCF,3,1500142,0.1721
6553,UserCF,1,3360483,0.8165
6553,UserCF,2,2458681,0.8165
6553,UserCF,3,2027792,0.5477
6553,ItemCF,1,690638,0.3062
6553,ItemCF,2,2604841,0.2357
6553,ItemCF,3,2308582,0.2041
6569,UserCF,1,4587798,0.9526
6569,UserCF,2,3803465,0.5477
6569,UserCF,3,4504505,0.5443
6569,ItemCF,1,4587798,0.4766
6569,ItemCF,2,4484681,0.2887
6569,ItemCF,3,19459,0.2887
6703,UserCF,1,2541613,0.25
6703,UserCF,2,4301452,0.2357
6703,UserCF,3,3997635,0.2041
6703,ItemCF,1,2541613,0.3128
6703,ItemCF,2,288652,0.25
6703,ItemCF,3,4301452,0.2357
6834,UserCF,1,3530272,0.9526
6834,UserCF,2,3996952,0.9246
6834,UserCF,3,3676378,0.5477
6834,ItemCF,1,454408,0.6708
6834,ItemCF,2,2028434,0.3536
6834,ItemCF,3,1188980,0.3354
6971,UserCF,1,431609,0.6969
6971,UserCF,2,1762339,0.5477
6971,UserCF,3,3845720,0.5222
6971,ItemCF,1,2189117,0.4804
6971,ItemCF,2,1762339,0.416
6971,ItemCF,3,4603364,0.3721
7127,UserCF,1,2032668,1.755
7127,UserCF,2,4926774,1.1396
7127,UserCF,3,2338453,0.9856
7127,ItemCF,1,4926774,0.3245
7127,ItemCF,2,2032668,0.1706
7127,ItemCF,3,4170014,0.1581
7142,UserCF,1,5075927,0.5222
7142,UserCF,2,4336726,0.5164
7142,UserCF,3,37566,0.5
7142,ItemCF,1,4052292,0.3162
7142,ItemCF,2,37566,0.2739
7142,ItemCF,3,2580621,0.25
8049,UserCF,1,3084376,1.2247
8049,UserCF,2,3783464,1.2024
8049,UserCF,3,2867686,1.1522
8049,ItemCF,1,3084376,0.2657
8049,ItemCF,2,1898852,0.2535
8049,ItemCF,3,77819,0.2306
8783,UserCF,1,4568325,0.5164
8783,UserCF,2,3250370,0.4082
8783,UserCF,3,4474190,0.4082
8783,ItemCF,1,4684457,0.5
8783,ItemCF,2,871771,0.4082
8783,ItemCF,3,2569028,0.2887
8789,UserCF,1,2458681,0.7071
8789,UserCF,2,2405231,0.4743
8789,UserCF,3,2027792,0.4743
8789,ItemCF,1,3460113,0.3746
8789,ItemCF,2,203244,0.3746
8789,ItemCF,3,690638,0.3062
9237,UserCF,1,3868419,0.8165
9237,UserCF,2,895163,0.8165
9237,UserCF,3,1692072,0.5477
9237,ItemCF,1,3009448,0.4082
9237,ItemCF,2,895163,0.291
9237,ItemCF,3,1724974,0.2697
9242,UserCF,1,3141857,0.8556
9242,UserCF,2,5110762,0.5222
9242,UserCF,3,2268318,0.5222
9242,ItemCF,1,2268318,0.3873
9242,ItemCF,2,3141857,0.3056
9242,ItemCF,3,1848355,0.2887
10483,UserCF,1,4479636,0.8165
10483,UserCF,2,5113006,0.7416
10483,UserCF,3,68746,0.5477
10483,ItemCF,1,68746,0.416
10483,ItemCF,2,5113006,0.4082
10483,ItemCF,3,752740,0.3536
10771,UserCF,1,1048127,0.5443
10771,UserCF,2,137934,0.5222
10771,UserCF,3,3831317,0.5164
10771,ItemCF,1,3831317,0.3536
10771,ItemCF,2,137934,0.3354
10771,ItemCF,3,1048127,0.3244
11078,UserCF,1,4927282,0.6708
11078,UserCF,2,2469337,0.6172
11078,UserCF,3,2971467,0.4082
11078,ItemCF,1,4927282,0.5477
11078,ItemCF,2,2469337,0.5298
11078,ItemCF,3,2971467,0.2887
11156,UserCF,1,2364679,0.9598
11156,UserCF,2,4831232,0.8447
11156,UserCF,3,4838935,0.7698
11156,ItemCF,1,4838935,0.3213
11156,ItemCF,2,5116409,0.3111
11156,ItemCF,3,1672333,0.2722
11312,UserCF,1,1541734,0.5164
11312,UserCF,2,3694731,0.5
11312,UserCF,3,1648449,0.5
11312,ItemCF,1,268669,0.6325
11312,ItemCF,2,2573430,0.4082
11312,ItemCF,3,544943,0.2774
11403,UserCF,1,4202788,0.5477
11403,UserCF,2,3174951,0.5222
11403,UserCF,3,3389952,0.4082
11403,ItemCF,1,2201726,0.5
11403,ItemCF,2,3174951,0.4629
11403,ItemCF,3,4202788,0.416
11769,UserCF,1,4414849,0.6969
11769,UserCF,2,2019319,0.5477
11769,UserCF,3,3274614,0.5477
11769,ItemCF,1,2848150,0.3536
11769,ItemCF,2,5100654,0.3333
11769,ItemCF,3,1228800,0.3333
11863,UserCF,1,5057288,0.5477
11863,UserCF,2,237119,0.5164
11863,UserCF,3,180945,0.4082
11863,ItemCF,1,2342635,0.2857
11863,ItemCF,2,4117417,0.2673
11863,ItemCF,3,237119,0.252
12229,UserCF,1,1212055,0.4082
12229,UserCF,2,1075098,0.4082
12229,UserCF,3,279675,0.4082
12229,ItemCF,1,1075098,0.3162
12229,ItemCF,2,3939946,0.2582
12229,ItemCF,3,3949347,0.2357
12554,UserCF,1,2764746,0.6969
12554,UserCF,2,2032668,0.5774
12554,UserCF,3,1964010,0.5774
12554,ItemCF,1,3176113,0.4082
12554,ItemCF,2,4876003,0.2182
12554,ItemCF,3,4448187,0.1667
13507,UserCF,1,1469909,0.7237
13507,UserCF,2,3121645,0.6068
13507,UserCF,3,3769445,0.6068
13507,ItemCF,1,3503155,0.866
13507,ItemCF,2,1469909,0.5446
13507,ItemCF,3,3810173,0.433
13516,UserCF,1,4839658,1.1921
13516,UserCF,2,3256898,0.7698
13516,UserCF,3,4807195,0.5774
13516,ItemCF,1,3508368,0.4472
13516,ItemCF,2,4839658,0.2863
13516,ItemCF,3,81449,0.2582
13691,UserCF,1,5113006,0.7416
13691,UserCF,2,4508684,0.5477
13691,UserCF,3,4493450,0.4082
13691,ItemCF,1,5113006,0.4082
13691,ItemCF,2,4508684,0.3721
13691,ItemCF,3,4608162,0.3354
13939,UserCF,1,1611933,0.7746
13939,UserCF,2,4443059,0.7746
13939,UserCF,3,1379885,0.7385
13939,ItemCF,1,460586,0.5669
13939,ItemCF,2,2418104,0.4009
13939,ItemCF,3,4714261,0.3419
14702,UserCF,1,3711309,0.5477
14702,UserCF,2,4112015,0.5164
14702,UserCF,3,2900535,0.4201
14702,ItemCF,1,2900535,0.2308
14702,ItemCF,2,4112015,0.2097
14702,ItemCF,3,1004961,0.2097
14916,UserCF,1,3634446,0.5477
14916,UserCF,2,3159978,0.5164
14916,UserCF,3,4872601,0.4082
14916,ItemCF,1,58950,0.3536
14916,ItemCF,2,3634446,0.2268
14916,ItemCF,3,4858377,0.1826
14931,UserCF,1,3713224,1.2247
14931,UserCF,2,393880,0.5477
14931,UserCF,3,2963566,0.4714
14931,ItemCF,1,3713224,0.6944
14931,ItemCF,2,2963566,0.3482
14931,ItemCF,3,1850882,0.2887
15218,UserCF,1,4707756,0.5222
15218,UserCF,2,1223110,0.5222
15218,UserCF,3,3735346,0.4082
15218,ItemCF,1,4468885,0.5
15218,ItemCF,2,4707756,0.3464
15218,ItemCF,3,3173831,0.2887
15469,UserCF,1,3272760,0.956
15469,UserCF,2,3836557,0.5477
15469,UserCF,3,4843948,0.5222
15469,ItemCF,1,3272760,0.4472
15469,ItemCF,2,2439398,0.4009
15469,ItemCF,3,4337209,0.378
15916,UserCF,1,3244134,0.8164
15916,UserCF,2,2726951,0.7227
15916,UserCF,3,2353009,0.6364
15916,ItemCF,1,5002008,0.5477
15916,ItemCF,2,3303274,0.3873
15916,ItemCF,3,2811801,0.3873
16705,UserCF,1,1144343,0.5477
16705,UserCF,2,845822,0.5477
16705,UserCF,3,3311452,0.4082
16705,ItemCF,1,1144343,0.6396
16705,ItemCF,2,845822,0.3536
16705,ItemCF,3,3311452,0.2041
16824,UserCF,1,4216439,0.5547
16824,UserCF,2,4211339,0.5547
16824,UserCF,3,1395562,0.4523
16824,ItemCF,1,3368542,0.4472
16824,ItemCF,2,2901145,0.3162
16824,ItemCF,3,1395562,0.2928
17335,UserCF,1,2099112,0.7303
17335,UserCF,2,3990741,0.5477
17335,UserCF,3,4413978,0.5477
17335,ItemCF,1,4313336,0.3273
17335,ItemCF,2,2426809,0.2673
17335,ItemCF,3,4611207,0.2582
17384,UserCF,1,1469909,0.7698
17384,UserCF,2,3624285,0.7416
17384,UserCF,3,4258782,0.5477
17384,ItemCF,1,4576492,0.4867
17384,ItemCF,2,1469909,0.3234
17384,ItemCF,3,47344,0.25
17592,UserCF,1,609574,0.5477
17592,UserCF,2,2331370,0.5258
17592,UserCF,3,4757417,0.5
17592,ItemCF,1,609574,0.3638
17592,ItemCF,2,2056860,0.25
17592,ItemCF,3,2459513,0.25
17699,UserCF,1,3485136,1.8914
17699,UserCF,2,3004746,1.178
17699,UserCF,3,803044,0.5516
17699,ItemCF,1,3485136,0.3235
17699,ItemCF,2,4618126,0.2828
17699,ItemCF,3,265985,0.2357
17777,UserCF,1,3231778,0.5477
17777,UserCF,2,1154789,0.5477
17777,UserCF,3,300812,0.5477
17777,ItemCF,1,3231778,0.416
17777,ItemCF,2,300812,0.2942
17777,ItemCF,3,4785201,0.1961
18074,UserCF,1,2823353,0.7071
18074,UserCF,2,2319849,0.4851
18074,UserCF,3,1894664,0.4743
18074,ItemCF,1,2569028,0.4082
18074,ItemCF,2,1987784,0.3536
18074,ItemCF,3,2118946,0.3086
18639,UserCF,1,1493764,1.0733
18639,UserCF,2,979816,0.7171
18639,UserCF,3,145860,0.7155
18639,ItemCF,1,1493764,0.7778
18639,ItemCF,2,979816,0.5303
18639,ItemCF,3,4085561,0.433
18646,UserCF,1,5118763,1.2247
18646,UserCF,2,2829056,0.5164
18646,UserCF,3,4215803,0.4082
18646,ItemCF,1,5118763,0.5196
18646,ItemCF,2,636065,0.4472
18646,ItemCF,3,3288464,0.2582
18986,UserCF,1,1596089,0.8811
18986,UserCF,2,832991,0.8333
18986,UserCF,3,2303768,0.6969
18986,ItemCF,1,2845198,0.5
18986,ItemCF,2,2023128,0.3062
18986,ItemCF,3,1596089,0.2774
19155,UserCF,1,1063877,0.8321
19155,UserCF,2,3571152,0.4851
19155,UserCF,3,3836557,0.4743
19155,ItemCF,1,1063877,0.4729
19155,ItemCF,2,1182310,0.4629
19155,ItemCF,3,3571152,0.3299
19501,UserCF,1,3824997,0.4928
19501,UserCF,2,5057288,0.4714
19501,UserCF,3,1867670,0.4714
19501,ItemCF,1,1532760,0.8165
19501,ItemCF,2,3824997,0.3482
19501,ItemCF,3,3104240,0.3086
20329,UserCF,1,1503702,0.9305
20329,UserCF,2,4939602,0.9305
20329,UserCF,3,2160443,0.7303
20329,ItemCF,1,4445061,0.5477
20329,ItemCF,2,4939602,0.4619
20329,ItemCF,3,2160443,0.4472
21275,UserCF,1,1930411,0.9649
21275,UserCF,2,1451775,0.9649
21275,UserCF,3,784651,0.5477
21275,ItemCF,1,1451775,0.7348
21275,ItemCF,2,1930411,0.6211
21275,ItemCF,3,784651,0.3586
21333,UserCF,1,5069542,1.0607
21333,UserCF,2,3892770,0.6422
21333,UserCF,3,1843785,0.5774
21333,ItemCF,1,5069542,0.4629
21333,ItemCF,2,2458681,0.378
21333,ItemCF,3,5096011,0.1961
21693,UserCF,1,4550052,0.5477
21693,UserCF,2,1482535,0.5443
21693,UserCF,3,2981742,0.5
21693,ItemCF,1,1405546,0.2887
21693,ItemCF,2,300367,0.2
21693,ItemCF,3,2981742,0.1809
21891,UserCF,1,4756124,1.1921
21891,UserCF,2,3735183,0.5477
21891,UserCF,3,2620478,0.4082
21891,ItemCF,1,4756124,0.7833
21891,ItemCF,2,313454,0.6124
21891,ItemCF,3,3735183,0.3721
22237,UserCF,1,2601044,0.7746
22237,UserCF,2,4270934,0.6364
22237,UserCF,3,4359138,0.4743
22237,ItemCF,1,4270934,1.2481
22237,ItemCF,2,1460382,0.416
22237,ItemCF,3,1860495,0.3873
22571,UserCF,1,4542307,1.2751
22571,UserCF,2,694434,1.2481
22571,UserCF,3,181419,0.6319
22571,ItemCF,1,4106103,0.4082
22571,ItemCF,2,694434,0.3949
22571,ItemCF,3,5099668,0.3873
22575,UserCF,1,3676378,1.2366
22575,UserCF,2,4572617,0.6422
22575,UserCF,3,5146440,0.5387
22575,ItemCF,1,3778205,0.3162
22575,ItemCF,2,3729186,0.3162
22575,ItemCF,3,5146440,0.2913
23128,UserCF,1,3629316,0.7698
23128,UserCF,2,1136613,0.7698
23128,UserCF,3,1846009,0.5774
23128,ItemCF,1,1136613,1.0
23128,ItemCF,2,4117954,0.4804
23128,ItemCF,3,3629316,0.3651
23177,UserCF,1,3077270,1.0206
23177,UserCF,2,2842016,0.6396
23177,UserCF,3,2484493,0.6396
23177,ItemCF,1,4612796,0.5345
23177,ItemCF,2,3077270,0.2802
23177,ItemCF,3,2484493,0.2572
23297,UserCF,1,3942769,0.9045
23297,UserCF,2,5042305,0.9045
23297,UserCF,3,4185538,0.7071
23297,ItemCF,1,5042305,0.3873
23297,ItemCF,2,1215860,0.2041
23297,ItemCF,3,3942769,0.1531
23320,UserCF,1,4294970,0.5
23320,UserCF,2,2006551,0.5
23320,UserCF,3,3159978,0.4082
23320,ItemCF,1,3273625,0.2041
23320,ItemCF,2,2419942,0.1826
23320,ItemCF,3,1754312,0.1826
23413,UserCF,1,1434990,0.6708
23413,UserCF,2,5119968,0.5
23413,UserCF,3,2604841,0.5
23413,ItemCF,1,1434990,0.2357
23413,ItemCF,2,2604841,0.1925
23413,ItemCF,3,904975,0.1925
23551,UserCF,1,4408134,0.6969
23551,UserCF,2,990710,0.622
23551,UserCF,3,1126959,0.5164
23551,ItemCF,1,4408134,0.3271
23551,ItemCF,2,5133081,0.2887
23551,ItemCF,3,4875069,0.2673
23624,UserCF,1,1850378,0.4743
23624,UserCF,2,1596089,0.4743
23624,UserCF,3,2789215,0.4523
23624,ItemCF,1,441179,0.2887
23624,ItemCF,2,4117417,0.2887
23624,ItemCF,3,37566,0.2739
23678,UserCF,1,2706796,0.5
23678,UserCF,2,3188907,0.5
23678,UserCF,3,3506150,0.5
23678,ItemCF,1,1520281,0.2357
23678,ItemCF,2,2706796,0.2182
23678,ItemCF,3,2023751,0.2041
23848,UserCF,1,1257288,1.2069
23848,UserCF,2,4625350,0.6543
23848,UserCF,3,624903,0.4216
23848,ItemCF,1,1257288,0.8006
23848,ItemCF,2,4625350,0.4807
23848,ItemCF,3,4156740,0.378
23944,UserCF,1,730246,1.46
23944,UserCF,2,5079892,0.5
23944,UserCF,3,4736400,0.5
23944,ItemCF,1,4073414,0.7071
23944,ItemCF,2,730246,0.4009
23944,ItemCF,3,1143624,0.2887
24014,UserCF,1,2776148,0.6708
24014,UserCF,2,1894664,0.5774
24014,UserCF,3,385643,0.5774
24014,ItemCF,1,1969563,0.2673
24014,ItemCF,2,2229603,0.252
24014,ItemCF,3,2776148,0.2417
24040,UserCF,1,3814465,0.686
24040,UserCF,2,674193,0.686
24040,UserCF,3,5161641,0.198
24040,ItemCF,1,5161641,0.3651
24040,ItemCF,2,3064521,0.3162
24040,ItemCF,3,3330905,0.2582
24044,UserCF,1,4578250,0.6708
24044,UserCF,2,1099373,0.6708
24044,UserCF,3,4253629,0.5477
24044,ItemCF,1,2591314,0.4009
24044,ItemCF,2,2393824,0.4009
24044,ItemCF,3,1747893,0.303
24185,UserCF,1,2704379,0.6396
24185,UserCF,2,3848072,0.5
24185,UserCF,3,1157253,0.5
24185,ItemCF,1,2704379,0.3693
24185,ItemCF,2,2858109,0.2357
24185,ItemCF,3,1157253,0.2041
24366,UserCF,1,1140942,0.5601
24366,UserCF,2,3852566,0.4082
24366,UserCF,3,1534121,0.4082
24366,ItemCF,1,1418619,0.2182
24366,ItemCF,2,2775696,0.2041
24366,ItemCF,3,1140942,0.2041
24403,UserCF,1,1636256,0.6667
24403,UserCF,2,3869296,0.5
24403,UserCF,3,2228609,0.5
24403,ItemCF,1,1636256,0.3234
24403,ItemCF,2,742504,0.2887
24403,ItemCF,3,1525411,0.2357
24572,UserCF,1,2338453,0.6422
24572,UserCF,2,1346583,0.4743
24572,UserCF,3,329504,0.4743
24572,ItemCF,1,1346583,0.2928
24572,ItemCF,2,2655239,0.2673
24572,ItemCF,3,2234180,0.2673
24580,UserCF,1,3159978,0.5
24580,ItemCF,1,3159978,0.1768
24671,UserCF,1,4806850,1.0791
24671,UserCF,2,395399,1.0607
24671,UserCF,3,3755965,0.9428
24671,ItemCF,1,1220546,0.3721
24671,ItemCF,2,2260720,0.3235
24671,ItemCF,3,4806850,0.201
24765,UserCF,1,1044184,0.6396
24765,UserCF,2,764155,0.6396
24765,UserCF,3,3332546,0.5774
24765,ItemCF,1,764155,0.433
24765,ItemCF,2,2407767,0.3162
24765,ItemCF,3,1044184,0.2739
25008,UserCF,1,4634635,1.1124
25008,UserCF,2,4830796,0.7845
25008,UserCF,3,4773878,0.7845
25008,ItemCF,1,4495089,0.3223
25008,ItemCF,2,4830796,0.2279
25008,ItemCF,3,3189426,0.2108
25128,UserCF,1,139351,1.9082
25128,UserCF,2,692510,1.0774
25128,UserCF,3,4314945,0.6325
25128,ItemCF,1,139351,0.5832
25128,ItemCF,2,692510,0.1709
25128,ItemCF,3,4685261,0.1543
25174,UserCF,1,1494781,1.46
25174,UserCF,2,427937,0.6708
25174,UserCF,3,3384079,0.6667
25174,ItemCF,1,287217,0.4472
25174,ItemCF,2,1494781,0.3721
25174,ItemCF,3,3384079,0.2864
25339,UserCF,1,2648375,0.6124
25339,UserCF,2,3752657,0.5
25339,UserCF,3,2411942,0.5
25339,ItemCF,1,1553797,0.5
25339,ItemCF,2,3752657,0.416
25339,ItemCF,3,3057261,0.3162
25402,UserCF,1,3670888,1.2247
25402,UserCF,2,4621111,0.4082
25402,UserCF,3,4875069,0.4082
25402,ItemCF,1,3670888,0.45
25402,ItemCF,2,4875069,0.3536
25402,ItemCF,3,4702207,0.25
25578,UserCF,1,5036799,0.433
25578,UserCF,2,4858377,0.3536
25578,UserCF,3,2466347,0.3536
25578,ItemCF,1,780508,0.2887
25578,ItemCF,2,441179,0.2887
25578,ItemCF,3,2342635,0.2857
25795,UserCF,1,320194,0.6708
25795,UserCF,2,2818406,0.5774
25795,UserCF,3,3337290,0.5669
25795,ItemCF,1,3337290,0.416
25795,ItemCF,2,2901145,0.3536
25795,ItemCF,3,1841984,0.3397
25852,UserCF,1,568914,0.6422
25852,UserCF,2,2876972,0.5774
25852,UserCF,3,3858784,0.4743
25852,ItemCF,1,2181661,0.3333
25852,ItemCF,2,1724974,0.2697
25852,ItemCF,3,568914,0.239
26062,UserCF,1,646297,0.6325
26062,UserCF,2,2016392,0.5669
26062,UserCF,3,2888294,0.5
26062,ItemCF,1,4149849,0.1543
26062,ItemCF,2,1438064,0.1291
26062,ItemCF,3,723406,0.1291
26213,UserCF,1,4998080,0.5
26213,UserCF,2,3563468,0.5
26213,UserCF,3,2161195,0.5
26213,ItemCF,1,2069190,0.4082
26213,ItemCF,2,1538612,0.2182
26213,ItemCF,3,4998080,0.2041
26263,UserCF,1,3685477,0.6708
26263,UserCF,2,1174823,0.5774
26263,UserCF,3,999712,0.5774
26263,ItemCF,1,3685477,0.2425
26263,ItemCF,2,1360399,0.2236
26263,ItemCF,3,2182145,0.189
26315,UserCF,1,4337209,0.6547
26315,UserCF,2,4473288,0.6547
26315,UserCF,3,2389496,0.6547
26315,ItemCF,1,4337209,1.1339
26315,ItemCF,2,4473288,0.8018
26315,ItemCF,3,1556835,0.6963
26370,UserCF,1,4196699,0.5
26370,UserCF,2,2878537,0.5
26370,UserCF,3,3000506,0.5
26370,ItemCF,1,2878537,0.5
26370,ItemCF,2,4654136,0.1508
26370,ItemCF,3,2393824,0.1508
26633,UserCF,1,2914470,0.6325
26633,UserCF,2,3848072,0.5883
26633,UserCF,3,2667082,0.5883
26633,ItemCF,1,4292331,0.7071
26633,ItemCF,2,207788,0.5883
26633,ItemCF,3,1829244,0.2631
26669,UserCF,1,1274300,0.6708
26669,UserCF,2,4091349,0.5
26669,UserCF,3,2863516,0.5
26669,ItemCF,1,4572672,0.4472
26669,ItemCF,2,1274300,0.3078
26669,ItemCF,3,2863516,0.2582
26845,UserCF,1,139351,1.9082
26845,UserCF,2,2930515,0.686
26845,UserCF,3,1859883,0.6396
26845,ItemCF,1,139351,0.5832
26845,ItemCF,2,122944,0.378
26845,ItemCF,3,2930515,0.3223
26884,UserCF,1,1846009,0.6708
26884,UserCF,2,932794,0.6708
26884,UserCF,3,29564,0.5
26884,ItemCF,1,932794,0.416
26884,ItemCF,2,1846009,0.1774
26884,ItemCF,3,5055776,0.1601
27007,UserCF,1,3714526,0.8165
27007,UserCF,2,2015258,0.5222
27007,UserCF,3,1442256,0.4082
27007,ItemCF,1,2015258,0.2372
27007,ItemCF,2,97714,0.1826
27007,ItemCF,3,4702207,0.1667
27147,UserCF,1,2533146,0.6325
27147,UserCF,2,3022025,0.5345
27147,UserCF,3,3881370,0.5
27147,ItemCF,1,3022025,0.3849
27147,ItemCF,2,2533146,0.3651
27147,ItemCF,3,3881370,0.2887
27183,UserCF,1,866111,0.6396
27183,UserCF,2,4216439,0.6396
27183,UserCF,3,4835633,0.5774
27183,ItemCF,1,5096862,0.2357
27183,ItemCF,2,98726,0.2357
27183,ItemCF,3,866111,0.2121
27191,UserCF,1,3597087,0.5
27191,UserCF,2,5069839,0.4082
27191,UserCF,3,491952,0.4082
27191,ItemCF,1,4826027,0.5
27191,ItemCF,2,3249073,0.3536
27191,ItemCF,3,3597087,0.3536
27305,UserCF,1,2956909,0.6969
27305,UserCF,2,2303768,0.6664
27305,UserCF,3,1482535,0.5443
27305,ItemCF,1,2956909,0.276
27305,ItemCF,2,842197,0.2722
27305,ItemCF,3,849518,0.2582
27359,UserCF,1,1506122,0.6667
27359,UserCF,2,3688170,0.5477
27359,UserCF,3,1010744,0.5222
27359,ItemCF,1,3688170,0.2928
27359,ItemCF,2,2963566,0.2582
27359,ItemCF,3,1010744,0.2236
27367,UserCF,1,1772158,0.6667
27367,UserCF,2,455374,0.6667
27367,UserCF,3,2605467,0.5
27367,ItemCF,1,455374,0.4
27367,ItemCF,2,2605467,0.3536
27367,ItemCF,3,2407767,0.2236
27479,UserCF,1,4015620,0.4082
27479,UserCF,2,1576207,0.4082
27479,UserCF,3,2850806,0.3536
27479,ItemCF,1,4069017,0.2582
27479,ItemCF,2,3500289,0.2582
27479,ItemCF,3,1576207,0.2582
27549,UserCF,1,2343757,1.3856
27549,UserCF,2,1924468,1.1498
27549,UserCF,3,145860,0.9246
27549,ItemCF,1,2343757,0.3608
27549,ItemCF,2,3496706,0.3381
27549,ItemCF,3,11438,0.3086
27637,UserCF,1,2979334,0.6325
27637,UserCF,2,4443059,0.6124
27637,UserCF,3,3121645,0.5
27637,ItemCF,1,2979334,0.1768
27637,ItemCF,2,3978968,0.1715
27637,ItemCF,3,4653622,0.1443
27646,UserCF,1,137888,0.6396
27646,UserCF,2,3154594,0.5
27646,UserCF,3,3148749,0.5
27646,ItemCF,1,3154594,0.1132
27646,ItemCF,2,2421709,0.1132
27646,ItemCF,3,524909,0.1132
27746,UserCF,1,2364679,0.6708
27746,UserCF,2,441950,0.6708
27746,UserCF,3,3769445,0.6124
27746,ItemCF,1,441950,0.3536
27746,ItemCF,2,4840722,0.3536
27746,ItemCF,3,2535046,0.2887
27829,UserCF,1,105055,1.8512
27829,UserCF,2,1962765,1.2582
27829,UserCF,3,1441528,1.0
27829,ItemCF,1,4992191,0.4472
27829,ItemCF,2,1441528,0.3235
27829,ItemCF,3,105055,0.2679
27833,UserCF,1,2642113,0.9082
27833,UserCF,2,3107723,0.8536
27833,UserCF,3,4622270,0.8536
27833,ItemCF,1,3107723,0.448
27833,ItemCF,2,673866,0.1637
27833,ItemCF,3,2006438,0.1429
27992,UserCF,1,3711309,0.5669
27992,UserCF,2,4505717,0.5
27992,UserCF,3,1919283,0.5
27992,ItemCF,1,1253291,0.4082
27992,ItemCF,2,799466,0.25
27992,ItemCF,3,3711309,0.2372
28132,UserCF,1,3080593,0.6325
28132,UserCF,2,2101968,0.6325
28132,UserCF,3,1140942,0.5657
28132,ItemCF,1,1140942,0.3162
28132,ItemCF,2,347441,0.2535
28132,ItemCF,3,4572617,0.2279
28247,UserCF,1,3339954,0.5
28247,UserCF,2,3451845,0.5
28247,UserCF,3,3011437,0.3162
28247,ItemCF,1,3625990,0.2887
28247,ItemCF,2,3339954,0.2582
28247,ItemCF,3,3451845,0.2041
28260,UserCF,1,2632862,0.5
28260,UserCF,2,4240769,0.5
28260,ItemCF,1,2632862,0.7071
28260,ItemCF,2,4240769,0.3162
28411,UserCF,1,4695962,1.0
28411,UserCF,2,3711309,0.5669
28411,UserCF,3,2821308,0.5
28411,ItemCF,1,4695962,0.378
28411,ItemCF,2,3711309,0.3354
28411,ItemCF,3,3638094,0.189
28446,UserCF,1,2113845,1.423
28446,UserCF,2,158169,1.1339
28446,UserCF,3,87843,0.7243
28446,ItemCF,1,158169,0.3038
28446,ItemCF,2,2113845,0.2724
28446,ItemCF,3,842197,0.2611
28562,UserCF,1,1023553,1.2467
28562,UserCF,2,3665269,0.9976
28562,UserCF,3,3676378,0.809
28562,ItemCF,1,1023553,0.4536
28562,ItemCF,2,842197,0.3266
28562,ItemCF,3,4580112,0.2828
29004,UserCF,1,587994,0.9487
29004,UserCF,2,674193,0.7873
29004,UserCF,3,1561974,0.5744
29004,ItemCF,1,1561974,0.4658
29004,ItemCF,2,4074749,0.4472
29004,ItemCF,3,587994,0.353
29206,UserCF,1,207994,0.7236
29206,UserCF,2,4876003,0.5345
29206,UserCF,3,1594149,0.5345
29206,ItemCF,1,4525122,0.3333
29206,ItemCF,2,1844053,0.2582
29206,ItemCF,3,1594149,0.2357
29228,UserCF,1,137888,0.8944
29228,UserCF,2,3119053,0.8944
29228,UserCF,3,2969797,0.6708
29228,ItemCF,1,3119053,0.5774
29228,ItemCF,2,137888,0.5164
29228,ItemCF,3,2969797,0.4082
29229,UserCF,1,2818406,0.7416
29229,UserCF,2,342576,0.644
29229,UserCF,3,5096011,0.5477
29229,ItemCF,1,4714261,0.2143
29229,ItemCF,2,5096011,0.1961
29229,ItemCF,3,1906063,0.1925
29234,UserCF,1,944411,0.6325
29234,UserCF,2,3084376,0.5
29234,UserCF,3,1458507,0.5
29234,ItemCF,1,1458507,0.3536
29234,ItemCF,2,944411,0.2
29234,ItemCF,3,1113297,0.1667
29489,UserCF,1,4219087,0.8162
29489,UserCF,2,2856036,0.5774
29489,UserCF,3,3823922,0.5774
29489,ItemCF,1,2856036,0.4714
29489,ItemCF,2,2881695,0.3536
29489,ItemCF,3,4927282,0.2887
29567,UserCF,1,3629316,0.6667
29567,UserCF,2,1136613,0.6667
29567,UserCF,3,2037066,0.5774
29567,ItemCF,1,1136613,0.5
29567,ItemCF,2,1875315,0.2041
29567,ItemCF,3,3629316,0.1826
29627,UserCF,1,4123377,0.8528
29627,UserCF,2,4995850,0.6396
29627,UserCF,3,5083960,0.6396
29627,ItemCF,1,4123377,0.5583
29627,ItemCF,2,4995850,0.4629
29627,ItemCF,3,1987784,0.4009
29642,UserCF,1,4256822,1.2247
29642,UserCF,2,4839658,1.1921
29642,UserCF,3,3256898,0.7698
29642,ItemCF,1,4256822,0.3343
29642,ItemCF,2,4839658,0.2863
29642,ItemCF,3,4663820,0.2857
29806,UserCF,1,5128303,1.1708
29806,UserCF,2,2338453,0.9733
29806,UserCF,3,1335684,0.6708
29806,ItemCF,1,19459,0.5398
29806,ItemCF,2,1146774,0.3414
29806,ItemCF,3,1403967,0.3117
29941,UserCF,1,4539052,0.4082
29941,UserCF,2,3701586,0.4082
29941,UserCF,3,631058,0.4082
29941,ItemCF,1,5105730,0.378
29941,ItemCF,2,631058,0.25
29941,ItemCF,3,1532176,0.2182
30016,UserCF,1,4747313,0.9
30016,UserCF,2,3919771,0.6708
30016,UserCF,3,3011437,0.6708
30016,ItemCF,1,4747313,0.6
30016,ItemCF,2,3919771,0.3464
30016,ItemCF,3,913199,0.3464
30247,UserCF,1,4014543,0.7071
30247,UserCF,2,4971547,0.7071
30247,UserCF,3,128495,0.6959
30247,ItemCF,1,4971547,0.3954
30247,ItemCF,2,4014543,0.3085
30247,ItemCF,3,3477139,0.2887
30328,UserCF,1,1009464,2.0
30328,UserCF,2,4078440,0.686
30328,UserCF,3,3078532,0.6708
30328,ItemCF,1,3078532,0.4121
30328,ItemCF,2,410974,0.4082
30328,ItemCF,3,1009464,0.3947
30357,UserCF,1,402163,0.6325
30357,UserCF,2,3769445,0.6124
30357,UserCF,3,866111,0.6124
30357,ItemCF,1,2804910,0.2887
30357,ItemCF,2,1066843,0.2041
30357,ItemCF,3,866111,0.1826
30481,UserCF,1,4216439,0.8556
30481,UserCF,2,866111,0.5222
30481,UserCF,3,2182145,0.4714
30481,ItemCF,1,2182145,0.3381
30481,ItemCF,2,3427304,0.2774
30481,ItemCF,3,4113687,0.2774
30752,UserCF,1,2174909,0.4851
30752,UserCF,2,3942769,0.4743
30752,UserCF,3,2261537,0.4714
30752,ItemCF,1,2174909,0.4472
30752,ItemCF,2,2261537,0.2902
30752,ItemCF,3,5115689,0.2357
30907,UserCF,1,44258,0.6325
30907,UserCF,2,1047955,0.6325
30907,UserCF,3,4603364,0.5
30907,ItemCF,1,44258,0.3086
30907,ItemCF,2,1047955,0.2357
30907,ItemCF,3,3152740,0.2357
30938,UserCF,1,4014543,0.866
30938,UserCF,2,4971547,0.866
30938,UserCF,3,2338453,0.863
30938,ItemCF,1,3667098,0.508
30938,ItemCF,2,4971547,0.3954
30938,ItemCF,3,5045806,0.3333
30979,UserCF,1,4635650,1.0954
30979,UserCF,2,3251448,0.6708
30979,UserCF,3,4589811,0.5
30979,ItemCF,1,4635650,0.4615
30979,ItemCF,2,3414407,0.3922
30979,ItemCF,3,5149791,0.3203
31067,UserCF,1,291699,1.1925
31067,UserCF,2,1131455,0.8485
31067,UserCF,3,3619936,0.8326
31067,ItemCF,1,3619936,0.6016
31067,ItemCF,2,291699,0.4629
31067,ItemCF,3,1131455,0.4447
31175,UserCF,1,1943054,0.6325
31175,UserCF,2,2744966,0.5
31175,UserCF,3,780508,0.5
31175,ItemCF,1,1943054,0.5774
31175,ItemCF,2,780508,0.2582
31175,ItemCF,3,2834927,0.169
31244,UserCF,1,5132521,0.7618
31244,UserCF,2,5075927,0.6396
31244,UserCF,3,37566,0.6124
31244,ItemCF,1,4052292,0.3162
31244,ItemCF,2,37566,0.2739
31244,ItemCF,3,3172409,0.2236
31264,UserCF,1,1852050,0.8165
31264,UserCF,2,4041131,0.686
31264,UserCF,3,4016601,0.6708
31264,ItemCF,1,1852050,0.4126
31264,ItemCF,2,4016601,0.3873
31264,ItemCF,3,4041131,0.3578
31286,UserCF,1,2285524,1.0
31286,UserCF,2,998153,0.5774
31286,UserCF,3,4400371,0.5
31286,ItemCF,1,3582521,0.3333
31286,ItemCF,2,3964631,0.2041
31286,ItemCF,3,3756418,0.1925
31440,UserCF,1,4313336,0.6124
31440,UserCF,2,4793966,0.5
31440,UserCF,3,3878792,0.5
31440,ItemCF,1,4313336,0.3273
31440,ItemCF,2,3173831,0.2887
31440,ItemCF,3,2426809,0.2673
31462,UserCF,1,2246563,0.9
31462,UserCF,2,4192106,0.8216
31462,UserCF,3,1692072,0.8216
31462,ItemCF,1,2246563,0.6396
31462,ItemCF,2,2589612,0.5222
31462,ItemCF,3,4192106,0.4523
31591,UserCF,1,5009650,0.6489
31591,UserCF,2,3114069,0.5
31591,UserCF,3,1918497,0.5
31591,ItemCF,1,5009650,0.276
31591,ItemCF,2,2527612,0.2673
31591,ItemCF,3,1398644,0.2041
31781,UserCF,1,1962765,1.305
31781,UserCF,2,779670,0.866
31781,UserCF,3,1876212,0.7217
31781,ItemCF,1,5045806,0.3333
31781,ItemCF,2,1962765,0.3266
31781,ItemCF,3,779670,0.3235
31859,UserCF,1,4830507,0.5
31859,UserCF,2,3143527,0.5
31859,UserCF,3,4747313,0.5
31859,ItemCF,1,4830507,0.2132
31859,ItemCF,2,3143527,0.1961
31859,ItemCF,3,4747313,0.0925
31887,UserCF,1,2044918,1.0
31887,UserCF,2,724262,0.6124
31887,UserCF,3,4777971,0.5
31887,ItemCF,1,2044918,0.3746
31887,ItemCF,2,1952529,0.2041
31887,ItemCF,3,3881141,0.1826
31914,UserCF,1,4957887,0.866
31914,UserCF,2,2900535,0.5941
31914,UserCF,3,566916,0.5774
31914,ItemCF,1,2900535,0.5262
31914,ItemCF,2,1004961,0.4781
31914,ItemCF,3,3729186,0.4472
31935,UserCF,1,3077274,0.5
31935,UserCF,2,1893423,0.5
31935,UserCF,3,3850423,0.4082
31935,ItemCF,1,1893423,0.3536
31935,ItemCF,2,3077274,0.2182
31935,ItemCF,3,197872,0.1667
31970,UserCF,1,74876,1.186
31970,UserCF,2,4224639,0.686
31970,UserCF,3,2895100,0.5
31970,ItemCF,1,2895100,0.4472
31970,ItemCF,2,74876,0.3475
31970,ItemCF,3,1928591,0.2582
32105,UserCF,1,2378296,0.8485
32105,UserCF,2,3840397,0.8216
32105,UserCF,3,4837172,0.6708
32105,ItemCF,1,4417271,0.5016
32105,ItemCF,2,4479133,0.4845
32105,ItemCF,3,2023128,0.3612
32332,UserCF,1,2061699,0.6667
32332,UserCF,2,4969699,0.5
32332,UserCF,3,1571318,0.5
32332,ItemCF,1,1571318,0.2887
32332,ItemCF,2,274924,0.2673
32332,ItemCF,3,2061699,0.2632
32387,UserCF,1,4258782,0.9487
32387,UserCF,2,4886026,0.9045
32387,UserCF,3,4576492,0.9045
32387,ItemCF,1,4576492,0.4867
32387,ItemCF,2,4258782,0.1987
32387,ItemCF,3,1020737,0.1987
32607,UserCF,1,3920968,0.4082
32607,UserCF,2,3791442,0.3536
32607,UserCF,3,3142142,0.3536
32607,ItemCF,1,2969058,0.2887
32607,ItemCF,2,3423603,0.2887
32607,ItemCF,3,2129454,0.2887
32672,UserCF,1,833841,0.6708
32672,UserCF,2,1482535,0.6667
32672,UserCF,3,1248649,0.5883
32672,ItemCF,1,833841,0.378
32672,ItemCF,2,2656847,0.3162
32672,ItemCF,3,1482535,0.2864
32711,UserCF,1,65132,0.6124
32711,UserCF,2,2094080,0.5
32711,UserCF,3,779670,0.5
32711,ItemCF,1,469241,0.3536
32711,ItemCF,2,65132,0.2739
32711,ItemCF,3,1336167,0.25
32830,UserCF,1,4336726,0.5749
32830,UserCF,2,331318,0.5477
32830,UserCF,3,4211339,0.5477
32830,ItemCF,1,4468885,0.5
32830,ItemCF,2,3173831,0.2887
32830,ItemCF,3,4095732,0.25
32878,UserCF,1,4366730,1.46
32878,UserCF,2,4681909,1.1767
32878,UserCF,3,2867204,1.0407
32878,ItemCF,1,4366730,0.3073
32878,ItemCF,2,1808993,0.1961
32878,ItemCF,3,2484493,0.1715
32943,UserCF,1,342576,0.7887
32943,UserCF,2,5096011,0.6708
32943,UserCF,3,3761770,0.5774
32943,ItemCF,1,1913803,0.4082
32943,ItemCF,2,3175160,0.2887
32943,ItemCF,3,5096011,0.1961
33004,UserCF,1,735415,0.5
33004,UserCF,2,612993,0.5
33004,UserCF,3,4168202,0.4082
33004,ItemCF,1,4168202,0.25
33004,ItemCF,2,612993,0.2236
33004,ItemCF,3,3266415,0.2041
33033,UserCF,1,1702754,0.9286
33033,UserCF,2,4535021,0.6124
33033,UserCF,3,1668172,0.6124
33033,ItemCF,1,1702754,0.378
33033,ItemCF,2,1574965,0.2673
33033,ItemCF,3,1668172,0.2535
33345,UserCF,1,2523496,0.6124
33345,UserCF,2,4157274,0.5
33345,UserCF,3,2452795,0.5
33345,ItemCF,1,2523496,0.3638
33345,ItemCF,2,3909833,0.3536
33345,ItemCF,3,2741165,0.2582
33519,UserCF,1,2088555,0.6325
33519,UserCF,2,2332261,0.5345
33519,UserCF,3,4017221,0.5
33519,ItemCF,1,2088555,0.3333
33519,ItemCF,2,2332261,0.2887
33519,ItemCF,3,1075959,0.25
33601,UserCF,1,3084376,1.5
33601,UserCF,2,3783464,1.2053
33601,UserCF,3,207994,0.9428
33601,ItemCF,1,4225949,0.3162
33601,ItemCF,2,3084376,0.2657
33601,ItemCF,3,3878031,0.2582
33628,UserCF,1,2343757,1.6971
33628,UserCF,2,781519,1.2247
33628,UserCF,3,145860,1.1325
33628,ItemCF,1,2343757,0.3608
33628,ItemCF,2,3148234,0.3333
33628,ItemCF,3,3404554,0.2357
33638,UserCF,1,999712,0.686
33638,UserCF,2,3675318,0.5
33638,UserCF,3,1945599,0.5
33638,ItemCF,1,999712,0.2887
33638,ItemCF,2,1419624,0.1443
33638,ItemCF,3,1945599,0.0772
33678,UserCF,1,4109268,0.6708
33678,UserCF,2,2965187,0.6708
33678,UserCF,3,2789215,0.6708
33678,ItemCF,1,4109268,0.7833
33678,ItemCF,2,58511,0.433
33678,ItemCF,3,1702430,0.3873
33724,UserCF,1,4852262,0.9
33724,UserCF,2,344058,0.8485
33724,UserCF,3,144579,0.7746
33724,ItemCF,1,4852262,0.7526
33724,ItemCF,2,344058,0.5883
33724,ItemCF,3,144579,0.3922
33790,UserCF,1,303311,1.3856
33790,UserCF,2,4397300,0.5222
33790,UserCF,3,1282885,0.5222
33790,ItemCF,1,303311,0.4949
33790,ItemCF,2,1282885,0.3273
33790,ItemCF,3,2658198,0.3162
33857,UserCF,1,1720105,1.1708
33857,UserCF,2,5110762,0.6396
33857,UserCF,3,1044710,0.6325
33857,ItemCF,1,1720105,0.2965
33857,ItemCF,2,1044710,0.2182
33857,ItemCF,3,5110762,0.208
33875,UserCF,1,3011437,1.3611
33875,UserCF,2,3084376,1.2247
33875,UserCF,3,1992230,1.2247
33875,ItemCF,1,1992230,0.4845
33875,ItemCF,2,3084376,0.2657
33875,ItemCF,3,3011437,0.2321
34190,UserCF,1,4584714,0.5
34190,UserCF,2,974192,0.5
34190,UserCF,3,2899794,0.4082
34190,ItemCF,1,4584714,0.3162
34190,ItemCF,2,974192,0.2357
34190,ItemCF,3,2899794,0.1741
34217,UserCF,1,3175160,0.686
34217,UserCF,2,2376866,0.686
34217,UserCF,3,2644984,0.5
34217,ItemCF,1,3175160,0.4472
34217,ItemCF,2,2376866,0.3143
34217,ItemCF,3,4707756,0.1826
34248,UserCF,1,2032668,2.3777
34248,UserCF,2,3711309,0.6708
34248,UserCF,3,4112015,0.6325
34248,ItemCF,1,2032668,0.448
34248,ItemCF,2,2900535,0.2308
34248,ItemCF,3,4112015,0.2097
34299,UserCF,1,255748,1.0
34299,UserCF,2,2783905,0.9082
34299,UserCF,3,2529069,0.6708
34299,ItemCF,1,2068350,0.3086
34299,ItemCF,2,4415628,0.2673
34299,ItemCF,3,1602246,0.189
34633,UserCF,1,890126,1.3165
34633,UserCF,2,3937204,0.864
34633,UserCF,3,3727905,0.7618
34633,ItemCF,1,1270357,0.2727
34633,ItemCF,2,5024842,0.1857
34633,ItemCF,3,890126,0.1762
34643,UserCF,1,185319,0.9487
34643,UserCF,2,2667139,0.7071
34643,UserCF,3,2523496,0.7071
34643,ItemCF,1,1336167,0.1291
34643,ItemCF,2,185319,0.1257
34643,ItemCF,3,4559286,0.0778
34665,UserCF,1,5062984,1.3569
34665,UserCF,2,5051027,1.0407
34665,UserCF,3,2304016,0.8165
34665,ItemCF,1,2304016,0.4602
34665,ItemCF,2,1813380,0.2611
34665,ItemCF,3,1789637,0.25
34697,UserCF,1,3488746,1.5
34697,UserCF,2,4795978,0.6325
34697,UserCF,3,4873821,0.5
34697,ItemCF,1,3488746,0.624
34697,ItemCF,2,4873821,0.189
34697,ItemCF,3,4673589,0.189
34729,UserCF,1,2315069,0.6708
34729,UserCF,2,1779906,0.6325
34729,UserCF,3,4338890,0.5
34729,ItemCF,1,2315069,0.2774
34729,ItemCF,2,1779906,0.2722
34729,ItemCF,3,4338890,0.2582
34967,UserCF,1,3160234,0.9082
34967,UserCF,2,934383,0.6708
34967,UserCF,3,2399380,0.6396
34967,ItemCF,1,2399380,0.3873
34967,ItemCF,2,934383,0.3586
34967,ItemCF,3,3160234,0.2673
34978,UserCF,1,2842089,1.2247
34978,UserCF,2,2661210,1.2247
34978,UserCF,3,3330337,0.5774
34978,ItemCF,1,2842089,0.5322
34978,ItemCF,2,2661210,0.4281
34978,ItemCF,3,5133563,0.1667
35024,UserCF,1,94892,0.8165
35024,UserCF,2,347441,0.6885
35024,UserCF,3,3724318,0.6667
35024,ItemCF,1,3077956,0.3162
35024,ItemCF,2,739518,0.25
35024,ItemCF,3,344545,0.25
35571,UserCF,1,4777971,1.423
35571,UserCF,2,2726951,0.7618
35571,UserCF,3,4879988,0.686
35571,ItemCF,1,4777971,0.377
35571,ItemCF,2,4879988,0.2828
35571,ItemCF,3,2940055,0.2739
35610,UserCF,1,2583697,0.6667
35610,UserCF,2,2979334,0.5774
35610,UserCF,3,4308923,0.5
35610,ItemCF,1,2979334,0.3162
35610,ItemCF,2,2811801,0.3162
35610,ItemCF,3,2583697,0.305
35685,UserCF,1,3095424,1.0
35685,UserCF,2,646444,0.75
35685,UserCF,3,3172018,0.6396
35685,ItemCF,1,646444,0.2986
35685,ItemCF,2,121862,0.25
35685,ItemCF,3,4840722,0.189
35696,UserCF,1,4366730,1.0324
35696,UserCF,2,4681909,0.8321
35696,UserCF,3,2161188,0.7071
35696,ItemCF,1,4983944,0.4082
35696,ItemCF,2,4366730,0.3073
35696,ItemCF,3,4121514,0.2887
35740,UserCF,1,1794578,0.6667
35740,UserCF,2,3713574,0.5477
35740,UserCF,3,4744994,0.5164
35740,ItemCF,1,911099,0.2357
35740,ItemCF,2,106213,0.2357
35740,ItemCF,3,4806729,0.2182
35834,UserCF,1,448625,1.1396
35834,UserCF,2,3243661,0.686
35834,UserCF,3,219239,0.6667
35834,ItemCF,1,559897,0.4629
35834,ItemCF,2,448625,0.3381
35834,ItemCF,3,3243661,0.3162
35927,UserCF,1,724262,0.6124
35927,UserCF,2,1772158,0.5
35927,UserCF,3,44258,0.2041
35927,ItemCF,1,44258,0.0867
35927,ItemCF,2,867034,0.0867
35927,ItemCF,3,724262,0.0784
36045,UserCF,1,3434248,1.3887
36045,UserCF,2,4846705,0.6396
36045,UserCF,3,3936977,0.6396
36045,ItemCF,1,3434248,0.5162
36045,ItemCF,2,3906181,0.378
36045,ItemCF,3,4318526,0.3441
36106,UserCF,1,2973853,0.8581
36106,UserCF,2,3169413,0.6708
36106,UserCF,3,1789314,0.6708
36106,ItemCF,1,2973853,0.7606
36106,ItemCF,2,2923469,0.6172
36106,ItemCF,3,1789314,0.4629
36134,UserCF,1,2303768,0.6969
36134,UserCF,2,970418,0.5477
36134,UserCF,3,2845198,0.5477
36134,ItemCF,1,2845198,0.5
36134,ItemCF,2,4620408,0.3536
36134,ItemCF,3,3347345,0.3536
36162,UserCF,1,72977,1.3587
36162,UserCF,2,1131455,0.8165
36162,UserCF,3,2408458,0.7416
36162,ItemCF,1,72977,0.5443
36162,ItemCF,2,2661917,0.3086
36162,ItemCF,3,2543726,0.2887
36186,UserCF,1,4443059,0.9204
36186,UserCF,2,2081659,0.9
36186,UserCF,3,2857790,0.6708
36186,ItemCF,1,2081659,0.7252
36186,ItemCF,2,5067429,0.4009
36186,ItemCF,3,4443059,0.3631
36261,UserCF,1,868744,0.8677
36261,UserCF,2,2451759,0.7334
36261,UserCF,3,1353934,0.686
36261,ItemCF,1,868744,0.7127
36261,ItemCF,2,4485770,0.6172
36261,ItemCF,3,2451759,0.6172
36398,UserCF,1,1962765,1.6276
36398,UserCF,2,692510,1.0324
36398,UserCF,3,4641554,1.0062
36398,ItemCF,1,692510,0.5249
36398,ItemCF,2,974004,0.4082
36398,ItemCF,3,2216680,0.2913
36401,UserCF,1,2135473,1.5
36401,UserCF,2,2324443,0.6124
36401,UserCF,3,2796677,0.5
36401,ItemCF,1,2135473,0.7833
36401,ItemCF,2,2324443,0.2835
36401,ItemCF,3,4374545,0.25
36742,UserCF,1,3455676,0.8944
36742,UserCF,2,2818406,0.8944
36742,UserCF,3,345622,0.6708
36742,ItemCF,1,3455676,1.1547
36742,ItemCF,2,345622,0.4082
36742,ItemCF,3,4479636,0.3563
36773,UserCF,1,3070037,0.6708
36773,UserCF,2,4015620,0.6708
36773,UserCF,3,3873626,0.5883
36773,ItemCF,1,3873626,0.4009
36773,ItemCF,2,460586,0.3536
36773,ItemCF,3,3070037,0.2774
36877,UserCF,1,3571152,0.7416
36877,UserCF,2,2509770,0.7416
36877,UserCF,3,2006527,0.5601
36877,ItemCF,1,2006527,0.8
36877,ItemCF,2,1381912,0.378
36877,ItemCF,3,1823649,0.3563
36933,UserCF,1,5147208,0.6325
36933,UserCF,2,2115332,0.5303
36933,UserCF,3,4472519,0.5
36933,ItemCF,1,5147208,0.3333
36933,ItemCF,2,2115332,0.2509
36933,ItemCF,3,4603364,0.2236
37015,UserCF,1,3708121,1.5
37015,UserCF,2,29564,0.5
37015,UserCF,3,4015620,0.5
37015,ItemCF,1,3708121,0.4001
37015,ItemCF,2,698037,0.2085
37015,ItemCF,3,4407522,0.1474
37086,UserCF,1,3716622,0.6325
37086,UserCF,2,2204577,0.6325
37086,UserCF,3,2161862,0.5345
37086,ItemCF,1,2161862,0.6928
37086,ItemCF,2,1906063,0.4899
37086,ItemCF,3,19459,0.4243
37166,UserCF,1,5075927,1.46
37166,UserCF,2,4777971,1.423
37166,UserCF,3,2726951,0.7618
37166,ItemCF,1,5075927,0.4413
37166,ItemCF,2,4777971,0.377
37166,ItemCF,3,2499271,0.2774
37224,UserCF,1,1583704,1.0325
37224,UserCF,2,4653444,0.8677
37224,UserCF,3,2204577,0.8485
37224,ItemCF,1,4237756,0.4472
37224,ItemCF,2,1809562,0.4423
37224,ItemCF,3,2856386,0.4339
37300,UserCF,1,1206898,0.6325
37300,UserCF,2,4061696,0.5443
37300,UserCF,3,3762493,0.5
37300,ItemCF,1,4061696,0.5164
37300,ItemCF,2,1037004,0.3873
37300,ItemCF,3,1206898,0.3536
37349,UserCF,1,2601044,1.8409
37349,UserCF,2,5099668,1.423
37349,UserCF,3,2314769,0.8536
37349,ItemCF,1,5099668,0.5095
37349,ItemCF,2,4270934,0.416
37349,ItemCF,3,841487,0.2631
37372,UserCF,1,3634446,1.3587
37372,UserCF,2,1493627,0.956
37372,UserCF,3,2762212,0.7514
37372,ItemCF,1,3634446,0.313
37372,ItemCF,2,1636676,0.2357
37372,ItemCF,3,1493627,0.1929
37417,UserCF,1,3202162,0.7618
37417,UserCF,2,3803465,0.6708
37417,UserCF,3,4504505,0.6667
37417,ItemCF,1,4587798,0.3223
37417,ItemCF,2,3202162,0.3107
37417,ItemCF,3,1877844,0.2887
37629,UserCF,1,2118946,0.6325
37629,UserCF,2,705200,0.5477
37629,UserCF,3,2528640,0.5
37629,ItemCF,1,2490237,0.3556
37629,ItemCF,2,2118946,0.3086
37629,ItemCF,3,593972,0.2673
37757,UserCF,1,1234475,1.46
37757,UserCF,2,3335233,1.2247
37757,UserCF,3,974892,1.2247
37757,ItemCF,1,974892,0.5196
37757,ItemCF,2,3335233,0.4743
37757,ItemCF,3,1234475,0.3586
37819,UserCF,1,1131455,1.5
37819,UserCF,2,3874478,0.6325
37819,UserCF,3,2671601,0.5774
37819,ItemCF,1,1131455,0.5095
37819,ItemCF,2,2671601,0.2425
37819,ItemCF,3,2600955,0.2425
37961,UserCF,1,402163,0.6325
37961,UserCF,2,3769445,0.6124
37961,UserCF,3,866111,0.6124
37961,ItemCF,1,5114389,0.2887
37961,ItemCF,2,218401,0.2887
37961,ItemCF,3,898106,0.2582
38147,UserCF,1,1036148,0.6325
38147,UserCF,2,2187072,0.5
38147,UserCF,3,1493627,0.5
38147,ItemCF,1,2228609,0.2887
38147,ItemCF,2,3219659,0.2582
38147,ItemCF,3,1004961,0.2182
38229,UserCF,1,3429244,0.5
38229,UserCF,2,4946302,0.3536
38229,UserCF,3,4190680,0.3536
38229,ItemCF,1,4654136,0.25
38229,ItemCF,2,4190680,0.189
38229,ItemCF,3,2555853,0.189
38328,UserCF,1,2200475,1.2344
38328,UserCF,2,2156592,0.6396
38328,UserCF,3,194421,0.6396
38328,ItemCF,1,4098490,0.4126
38328,ItemCF,2,2200475,0.369
38328,ItemCF,3,2636544,0.3162
38345,UserCF,1,94892,0.8165
38345,UserCF,2,5070496,0.7416
38345,UserCF,3,3724318,0.6667
38345,ItemCF,1,1639133,0.5443
38345,ItemCF,2,813121,0.4444
38345,ItemCF,3,4498633,0.4201
38350,UserCF,1,4649427,0.9082
38350,UserCF,2,3139742,0.5
38350,UserCF,3,2364679,0.5
38350,ItemCF,1,4225949,0.3162
38350,ItemCF,2,3878031,0.2582
38350,ItemCF,3,2061482,0.1826
38578,UserCF,1,1923737,0.6325
38578,UserCF,2,2985484,0.5
38578,UserCF,3,3469419,0.5
38578,ItemCF,1,1923737,0.3333
38578,ItemCF,2,3246591,0.2673
38578,ItemCF,3,3469419,0.25
38807,UserCF,1,3172480,0.7606
38807,UserCF,2,4047445,0.7606
38807,UserCF,3,2701669,0.7606
38807,ItemCF,1,2701669,1.0062
38807,ItemCF,2,3638094,0.7606
38807,ItemCF,3,3172480,0.7115
38847,UserCF,1,1360561,0.6708
38847,UserCF,2,194421,0.6708
38847,UserCF,3,5133563,0.6708
38847,ItemCF,1,1360561,0.4629
38847,ItemCF,2,5133563,0.297
38847,ItemCF,3,2981742,0.1551
38923,UserCF,1,3944567,0.4851
38923,UserCF,2,2776148,0.4743
38923,UserCF,3,1360399,0.4743
38923,ItemCF,1,3944567,0.5601
38923,ItemCF,2,1360399,0.3464
38923,ItemCF,3,92873,0.2887
39039,UserCF,1,998153,0.6708
39039,UserCF,2,250498,0.5774
39039,UserCF,3,2459513,0.5345
39039,ItemCF,1,2459513,0.2774
39039,ItemCF,2,280245,0.25
39039,ItemCF,3,1144343,0.1961
39087,UserCF,1,3027046,0.5
39087,UserCF,2,5161641,0.5
39087,UserCF,3,3360483,0.5
39087,ItemCF,1,3027046,0.2236
39087,ItemCF,2,4532960,0.2236
39087,ItemCF,3,5161641,0.2041
39400,UserCF,1,1624042,1.6971
39400,UserCF,2,1100169,1.46
39400,UserCF,3,2302456,0.6708
39400,ItemCF,1,1624042,0.4602
39400,ItemCF,2,1100169,0.4546
39400,ItemCF,3,2302456,0.2739
39614,UserCF,1,3676554,0.6708
39614,UserCF,2,2732505,0.5477
39614,UserCF,3,3073460,0.5477
39614,ItemCF,1,2261965,0.5
39614,ItemCF,2,675320,0.3873
39614,ItemCF,3,3073460,0.3536
39702,UserCF,1,2006551,0.5
39702,ItemCF,1,2006551,0.3162
39830,UserCF,1,2900535,1.2832
39830,UserCF,2,4848535,0.6325
39830,UserCF,3,4016601,0.6325
39830,ItemCF,1,2900535,0.669
39830,ItemCF,2,1004961,0.4558
39830,ItemCF,3,4498633,0.4201
39977,UserCF,1,4410182,1.1921
39977,UserCF,2,3704235,1.0
39977,UserCF,3,2661210,1.0
39977,ItemCF,1,4410182,0.6581
39977,ItemCF,2,3704235,0.5322
39977,ItemCF,3,5134662,0.5
40066,UserCF,1,2364679,1.0324
40066,UserCF,2,3246733,0.6741
40066,UserCF,3,2331370,0.6667
40066,ItemCF,1,1808993,0.5222
40066,ItemCF,2,1950403,0.3162
40066,ItemCF,3,4863117,0.3162
40087,UserCF,1,4943448,0.7559
40087,UserCF,2,1639133,0.7559
40087,UserCF,3,2371018,0.6325
40087,ItemCF,1,1639133,0.5443
40087,ItemCF,2,4943448,0.4444
40087,ItemCF,3,4379992,0.2722
40119,UserCF,1,3817475,0.6667
40119,UserCF,2,1684440,0.6667
40119,UserCF,3,2346387,0.6396
40119,ItemCF,1,29181,0.3849
40119,ItemCF,2,3817475,0.3592
40119,ItemCF,3,191709,0.2722
40300,UserCF,1,3403645,0.686
40300,UserCF,2,3244134,0.5
40300,UserCF,3,3881370,0.5
40300,ItemCF,1,1357737,0.3162
40300,ItemCF,2,3403645,0.2382
40300,ItemCF,3,3881370,0.1826
40344,UserCF,1,2918701,0.7071
40344,UserCF,2,4532626,0.7071
40344,UserCF,3,2477222,0.7071
40344,ItemCF,1,1532176,0.2357
40344,ItemCF,2,2924287,0.2041
40344,ItemCF,3,4532626,0.1543
40390,UserCF,1,1051309,1.1685
40390,UserCF,2,679860,0.6667
40390,UserCF,3,1479253,0.6396
40390,ItemCF,1,1051309,0.4193
40390,ItemCF,2,545214,0.2509
40390,ItemCF,3,1479253,0.2308
40583,UserCF,1,1059390,0.8165
40583,UserCF,2,2006527,0.686
40583,UserCF,3,1405546,0.6325
40583,ItemCF,1,2006527,0.8
40583,ItemCF,2,4319465,0.3536
40583,ItemCF,3,1059390,0.2646
41007,UserCF,1,4886911,0.6405
41007,UserCF,2,1825796,0.6405
41007,UserCF,3,4102893,0.5
41007,ItemCF,1,1825796,0.504
41007,ItemCF,2,4886911,0.3443
41007,ItemCF,3,677692,0.252
41043,UserCF,1,2736585,0.6708
41043,UserCF,2,2841507,0.5
41043,UserCF,3,2311795,0.5
41043,ItemCF,1,2736585,0.3721
41043,ItemCF,2,2841507,0.1741
41043,ItemCF,3,5116409,0.1601
41063,UserCF,1,3749068,0.7071
41063,UserCF,2,2328058,0.7071
41063,UserCF,3,3845720,0.6396
41063,ItemCF,1,2328058,0.6036
41063,ItemCF,2,3749068,0.2845
41063,ItemCF,3,2397596,0.2236
41235,UserCF,1,3597425,1.1078
41235,UserCF,2,4794129,0.5601
41235,UserCF,3,2939604,0.5601
41235,ItemCF,1,312026,0.5388
41235,ItemCF,2,2981742,0.5222
41235,ItemCF,3,3503155,0.3333
41243,UserCF,1,2384772,0.6708
41243,UserCF,2,2351609,0.6708
41243,UserCF,3,3564339,0.5
41243,ItemCF,1,3273625,0.2041
41243,ItemCF,2,2351609,0.2
41243,ItemCF,3,4324270,0.1826
41387,UserCF,1,1951985,0.8536
41387,UserCF,2,2505649,0.6708
41387,UserCF,3,1309783,0.6708
41387,ItemCF,1,3751052,0.3651
41387,ItemCF,2,760403,0.3441
41387,ItemCF,3,2082965,0.2108
41413,UserCF,1,3082235,0.4743
41413,UserCF,2,735415,0.4743
41413,UserCF,3,2338453,0.4523
41413,ItemCF,1,1724627,0.6124
41413,ItemCF,2,1642702,0.378
41413,ItemCF,3,4801247,0.3536
41446,UserCF,1,1100169,1.8468
41446,UserCF,2,158169,0.8485
41446,UserCF,3,4531940,0.6325
41446,ItemCF,1,1100169,0.9091
41446,ItemCF,2,4650609,0.6325
41446,ItemCF,3,1854569,0.5345
41570,UserCF,1,1589561,1.46
41570,UserCF,2,619538,0.9428
41570,UserCF,3,452890,0.8944
41570,ItemCF,1,1589561,0.6396
41570,ItemCF,2,3370717,0.5
41570,ItemCF,3,452890,0.3223
41734,UserCF,1,4386460,0.6325
41734,UserCF,2,4215803,0.5
41734,UserCF,3,5061417,0.5
41734,ItemCF,1,3462203,0.4082
41734,ItemCF,2,4429783,0.3333
41734,ItemCF,3,4132679,0.2887
41789,UserCF,1,1866283,0.9082
41789,UserCF,2,1633923,0.686
41789,UserCF,3,2850806,0.5
41789,ItemCF,1,2301646,0.378
41789,ItemCF,2,1877844,0.3536
41789,ItemCF,3,1866283,0.3381
41845,UserCF,1,1482535,0.6667
41845,UserCF,2,1097360,0.6396
41845,UserCF,3,3183557,0.6396
41845,ItemCF,1,3183557,0.2417
41845,ItemCF,2,1097360,0.2004
41845,ItemCF,3,300367,0.2
41950,UserCF,1,4312135,1.0951
41950,UserCF,2,99718,0.9708
41950,UserCF,3,3206760,0.9
41950,ItemCF,1,3206760,1.3725
41950,ItemCF,2,4312135,0.4575
41950,ItemCF,3,99718,0.4092
41991,UserCF,1,2261537,0.6667
41991,UserCF,2,3492115,0.6124
41991,UserCF,3,2761782,0.5883
41991,ItemCF,1,1628323,0.3162
41991,ItemCF,2,2761782,0.3145
41991,ItemCF,3,2261537,0.2902
42064,UserCF,1,395399,0.9419
42064,UserCF,2,3493253,0.6708
42064,UserCF,3,1962782,0.6708
42064,ItemCF,1,395399,0.2606
42064,ItemCF,2,5109050,0.25
42064,ItemCF,3,545974,0.1961
42080,UserCF,1,1113009,1.0581
42080,UserCF,2,1146774,0.9
42080,UserCF,3,2538351,0.7894
42080,ItemCF,1,1146774,0.805
42080,ItemCF,2,2538351,0.4366
42080,ItemCF,3,2066676,0.4243
42169,UserCF,1,5123188,0.5164
42169,UserCF,2,1714926,0.5164
42169,UserCF,3,4152992,0.4082
42169,ItemCF,1,1714926,0.3651
42169,ItemCF,2,5123188,0.3162
42169,ItemCF,3,2234180,0.3162
42446,UserCF,1,2846737,0.6
42446,UserCF,2,3662836,0.4472
42446,UserCF,3,3374210,0.4472
42446,ItemCF,1,2846737,0.6061
42446,ItemCF,2,4885873,0.5774
42446,ItemCF,3,554442,0.4714
42552,UserCF,1,4876800,0.6325
42552,UserCF,2,223828,0.6325
42552,UserCF,3,2393824,0.5164
42552,ItemCF,1,1447416,0.4714
42552,ItemCF,2,911099,0.4714
42552,ItemCF,3,3559988,0.3333
42667,UserCF,1,1047955,0.6325
42667,UserCF,2,4603364,0.5
42667,UserCF,3,4017221,0.5
42667,ItemCF,1,1600217,0.2887
42667,ItemCF,2,1047955,0.2357
42667,ItemCF,3,4603364,0.1581
42709,UserCF,1,2437517,0.9082
42709,UserCF,2,320194,0.6708
42709,UserCF,3,3337290,0.5669
42709,ItemCF,1,4672790,0.4472
42709,ItemCF,2,3337290,0.416
42709,ItemCF,3,1841984,0.3397
42729,UserCF,1,5075927,1.3333
42729,UserCF,2,4290950,0.7071
42729,UserCF,3,216894,0.7071
42729,ItemCF,1,5075927,0.2132
42729,ItemCF,2,1867670,0.2132
42729,ItemCF,3,2155386,0.1741
42733,UserCF,1,3597425,0.8165
42733,UserCF,2,3728584,0.4082
42733,UserCF,3,4997967,0.4082
42733,ItemCF,1,1825796,0.2857
42733,ItemCF,2,240527,0.252
42733,ItemCF,3,5141125,0.2236
42764,UserCF,1,4366730,0.9234
42764,UserCF,2,128495,0.7453
42764,UserCF,3,4681909,0.7442
42764,ItemCF,1,4015091,0.4629
42764,ItemCF,2,3799903,0.3142
42764,ItemCF,3,4366730,0.3073
42795,UserCF,1,3004746,1.178
42795,UserCF,2,1402604,0.6667
42795,UserCF,3,1945097,0.622
42795,ItemCF,1,2603207,0.433
42795,ItemCF,2,1793088,0.2887
42795,ItemCF,3,1945097,0.2657
42813,UserCF,1,3716319,1.8787
42813,UserCF,2,475851,1.0607
42813,UserCF,3,2411942,0.7618
42813,ItemCF,1,3716319,0.6753
42813,ItemCF,2,58511,0.3446
42813,ItemCF,3,475851,0.2635
42841,UserCF,1,2487905,0.7206
42841,UserCF,2,1705547,0.7206
42841,UserCF,3,126589,0.7206
42841,ItemCF,1,1705547,0.9
42841,ItemCF,2,126589,0.805
42841,ItemCF,3,2487905,0.7348
42991,UserCF,1,3246733,0.7783
42991,UserCF,2,2331370,0.7698
42991,UserCF,3,1140942,0.7303
42991,ItemCF,1,503460,0.3162
42991,ItemCF,2,1140942,0.3162
42991,ItemCF,3,347441,0.2535
43407,UserCF,1,1846009,0.8018
43407,UserCF,2,3014920,0.7071
43407,UserCF,3,3013917,0.7071
43407,ItemCF,1,3337290,0.2132
43407,ItemCF,2,1447416,0.2132
43407,ItemCF,3,1846009,0.1774
43440,UserCF,1,2484262,0.6708
43440,UserCF,2,740947,0.6529
43440,UserCF,3,2652057,0.5477
43440,ItemCF,1,1789314,0.5
43440,ItemCF,2,740947,0.4413
43440,ItemCF,3,2652057,0.3873
43461,UserCF,1,1962765,1.541
43461,UserCF,2,1441528,1.2247
43461,UserCF,3,1962782,0.6698
43461,ItemCF,1,1441528,0.3235
43461,ItemCF,2,1913803,0.2357
43461,ItemCF,3,2880892,0.1925
43554,UserCF,1,4831232,1.569
43554,UserCF,2,4838935,0.9428
43554,UserCF,3,2364679,0.9428
43554,ItemCF,1,4831232,0.3548
43554,ItemCF,2,4838935,0.3213
43554,ItemCF,3,5116409,0.3111
43712,UserCF,1,678857,0.5963
43712,UserCF,2,5092508,0.523
43712,UserCF,3,2823353,0.4714
43712,ItemCF,1,678857,0.4364
43712,ItemCF,2,5092508,0.3563
43712,ItemCF,3,2595340,0.3162
43756,UserCF,1,1877402,0.686
43756,UserCF,2,3174951,0.6396
43756,UserCF,3,3920968,0.5774
43756,ItemCF,1,1877402,0.5774
43756,ItemCF,2,1556677,0.2887
43756,ItemCF,3,3920968,0.2462
43822,UserCF,1,2113845,0.6364
43822,UserCF,2,4678791,0.6
43822,UserCF,3,158169,0.5071
43822,ItemCF,1,1744531,0.5774
43822,ItemCF,2,3589681,0.4714
43822,ItemCF,3,4678791,0.4009
43885,UserCF,1,1186337,0.9
43885,UserCF,2,1125154,0.8581
43885,UserCF,3,3139864,0.6708
43885,ItemCF,1,1125154,0.7894
43885,ItemCF,2,1186337,0.5582
43885,ItemCF,3,3139864,0.416
44028,UserCF,1,3183557,0.6396
44028,UserCF,2,1097360,0.6396
44028,UserCF,3,2667082,0.5
44028,ItemCF,1,353862,0.4082
44028,ItemCF,2,2195156,0.2582
44028,ItemCF,3,3183557,0.2417
44165,UserCF,1,2850338,0.9082
44165,UserCF,2,137888,0.6667
44165,UserCF,3,1434990,0.6667
44165,ItemCF,1,4823470,0.4472
44165,ItemCF,2,2850338,0.3651
44165,ItemCF,3,4757450,0.3162
44176,UserCF,1,3868165,0.6396
44176,UserCF,2,3920968,0.6396
44176,UserCF,3,873547,0.5
44176,ItemCF,1,5134662,0.5
44176,ItemCF,2,4663975,0.2887
44176,ItemCF,3,3868165,0.1936
44212,UserCF,1,319541,0.8536
44212,UserCF,2,3188108,0.6325
44212,UserCF,3,3237277,0.6325
44212,ItemCF,1,1877844,0.3536
44212,ItemCF,2,4058078,0.2887
44212,ItemCF,3,409490,0.2041
44255,UserCF,1,644461,0.5164
44255,UserCF,2,5042305,0.5
44255,UserCF,3,4279983,0.5
44255,ItemCF,1,4574098,0.3638
44255,ItemCF,2,5042305,0.3254
44255,ItemCF,3,4279983,0.3254
44288,UserCF,1,5092508,2.2326
44288,UserCF,2,2766118,1.4058
44288,UserCF,3,810404,0.9204
44288,ItemCF,1,5092508,0.939
44288,ItemCF,2,1387695,0.5379
44288,ItemCF,3,810404,0.4536
44395,UserCF,1,3493253,0.4082
44395,UserCF,2,4416265,0.4082
44395,UserCF,3,2279598,0.4082
44395,ItemCF,1,2182145,0.2673
44395,ItemCF,2,4416265,0.2582
44395,ItemCF,3,2279598,0.1768
44472,UserCF,1,3291206,1.0479
44472,UserCF,2,987143,0.8162
44472,UserCF,3,4074805,0.5
44472,ItemCF,1,5105730,0.3536
44472,ItemCF,2,4732301,0.25
44472,ItemCF,3,2580621,0.25
44474,UserCF,1,5012377,1.0
44474,UserCF,2,2535046,0.5
44474,UserCF,3,3139864,0.4082
44474,ItemCF,1,5012377,0.378
44474,ItemCF,2,3139864,0.2887
44474,ItemCF,3,2535046,0.2887
44823,UserCF,1,2161188,0.8165
44823,UserCF,2,719659,0.6265
44823,UserCF,3,2678214,0.4364
44823,ItemCF,1,2895100,0.4472
44823,ItemCF,2,2161188,0.291
44823,ItemCF,3,1884224,0.2673
44949,UserCF,1,998153,0.8944
44949,UserCF,2,2324443,0.6124
44949,UserCF,3,3334099,0.5774
44949,ItemCF,1,2973329,0.3333
44949,ItemCF,2,2324443,0.2835
44949,ItemCF,3,2718850,0.2582
45039,UserCF,1,4777971,1.423
45039,UserCF,2,448625,0.8944
45039,UserCF,3,2726951,0.7618
45039,ItemCF,1,448625,0.4472
45039,ItemCF,2,4777971,0.377
45039,ItemCF,3,4113687,0.2942
45161,UserCF,1,4020503,0.5
45161,UserCF,2,4152992,0.5
45161,UserCF,3,157338,0.5
45161,ItemCF,1,157338,0.4082
45161,ItemCF,2,4152992,0.2041
45161,ItemCF,3,262811,0.1768
45281,UserCF,1,4448187,0.5361
45281,UserCF,2,1791949,0.4743
45281,UserCF,3,3575048,0.4743
45281,ItemCF,1,3575048,0.378
45281,ItemCF,2,4448187,0.2812
45281,ItemCF,3,3176113,0.2673
45351,UserCF,1,3656767,0.6708
45351,UserCF,2,3202928,0.6325
45351,UserCF,3,3528847,0.6325
45351,ItemCF,1,3656767,0.3638
45351,ItemCF,2,4777971,0.281
45351,ItemCF,3,3528847,0.2425
45485,UserCF,1,1419997,0.6529
45485,UserCF,2,4450440,0.596
45485,UserCF,3,2792318,0.4867
45485,ItemCF,1,1419997,1.1078
45485,ItemCF,2,4450440,0.4402
45485,ItemCF,3,2792318,0.4243
45591,UserCF,1,5099668,2.0125
45591,UserCF,2,2601044,1.1547
45591,UserCF,3,4270934,0.9487
45591,ItemCF,1,5099668,0.5095
45591,ItemCF,2,4270934,0.416
45591,ItemCF,3,841487,0.2631
45619,UserCF,1,2002248,1.1339
45619,UserCF,2,317193,0.8497
45619,UserCF,3,2204577,0.7804
45619,ItemCF,1,2002248,0.5162
45619,ItemCF,2,2973853,0.4743
45619,ItemCF,3,4318526,0.375
45669,UserCF,1,4505572,0.7866
45669,UserCF,2,2400640,0.7071
45669,UserCF,3,558172,0.7071
45669,ItemCF,1,558172,0.4472
45669,ItemCF,2,3215156,0.2535
45669,ItemCF,3,393188,0.2357
45792,UserCF,1,329504,0.6708
45792,UserCF,2,3453283,0.5
45792,UserCF,3,1860495,0.5
45792,ItemCF,1,2704547,0.2887
45792,ItemCF,2,1441864,0.2582
45792,ItemCF,3,329504,0.2132
45940,UserCF,1,1335684,0.6708
45940,UserCF,2,1808205,0.6622
45940,UserCF,3,196214,0.6396
45940,ItemCF,1,1808205,0.2828
45940,ItemCF,2,4595778,0.2236
45940,ItemCF,3,4532960,0.2236
46058,UserCF,1,3084376,1.5
46058,UserCF,2,2144833,1.46
46058,UserCF,3,3783464,1.2053
46058,ItemCF,1,2144833,0.4629
46058,ItemCF,2,3084376,0.2657
46058,ItemCF,3,2456369,0.2582
46179,UserCF,1,2795669,0.686
46179,UserCF,2,1866283,0.6708
46179,UserCF,3,4199489,0.6396
46179,ItemCF,1,1866283,0.2206
46179,ItemCF,2,2606015,0.2
46179,ItemCF,3,2795669,0.1644
46264,UserCF,1,3031354,0.6961
46264,UserCF,2,3434248,0.6667
46264,UserCF,3,1820860,0.6667
46264,ItemCF,1,1820860,0.4364
46264,ItemCF,2,3434248,0.2182
46264,ItemCF,3,4245608,0.2004
46358,UserCF,1,552700,1.2071
46358,UserCF,2,2077361,1.0749
46358,UserCF,3,4954999,0.9082
46358,ItemCF,1,318287,0.3244
46358,ItemCF,2,552700,0.3062
46358,ItemCF,3,2077361,0.2062
46380,UserCF,1,1557499,0.2301
46380,UserCF,2,5036799,0.14
46380,UserCF,3,3881370,0.14
46380,ItemCF,1,1557499,0.378
46380,ItemCF,2,3881370,0.2357
46380,ItemCF,3,5036799,0.0851
46505,UserCF,1,1481203,0.8556
46505,UserCF,2,3184656,0.8165
46505,UserCF,3,3084376,0.8165
46505,ItemCF,1,1177305,0.2878
46505,ItemCF,2,4183302,0.2321
46505,ItemCF,3,4848535,0.2251
46514,UserCF,1,2783905,0.9082
46514,UserCF,2,2364679,0.9082
46514,UserCF,3,2529069,0.6708
46514,ItemCF,1,2453542,0.2357
46514,ItemCF,2,3141058,0.1826
46514,ItemCF,3,2529069,0.1698
46554,UserCF,1,4973929,0.8165
46554,UserCF,2,2723545,0.5477
46554,UserCF,3,3869296,0.5477
46554,ItemCF,1,4973929,0.3746
46554,ItemCF,2,2973076,0.208
46554,ItemCF,3,3720597,0.2052
46680,UserCF,1,2642113,0.9082
46680,UserCF,2,4622270,0.8536
46680,UserCF,3,3183557,0.6325
46680,ItemCF,1,1981099,0.4082
46680,ItemCF,2,452059,0.3162
46680,ItemCF,3,673866,0.1637
46722,UserCF,1,4400371,0.6396
46722,UserCF,2,815929,0.6396
46722,UserCF,3,2271370,0.6124
46722,ItemCF,1,2271370,0.4243
46722,ItemCF,2,815929,0.25
46722,ItemCF,3,4400371,0.208
47070,UserCF,1,781519,1.036
47070,UserCF,2,2055560,0.9204
47070,UserCF,3,4262924,0.8581
47070,ItemCF,1,2055560,0.5335
47070,ItemCF,2,4262924,0.3917
47070,ItemCF,3,2343757,0.3608
47095,UserCF,1,3716319,1.46
47095,UserCF,2,1699547,0.866
47095,UserCF,3,3034696,0.5
47095,ItemCF,1,3716319,0.5249
47095,ItemCF,2,3937204,0.189
47095,ItemCF,3,1699547,0.1446
47154,UserCF,1,3459820,0.9
47154,UserCF,2,5039062,0.6708
47154,UserCF,3,3943756,0.5477
47154,ItemCF,1,5039062,0.6547
47154,ItemCF,2,3459820,0.5922
47154,ItemCF,3,3124093,0.5774
47158,UserCF,1,2290682,1.6813
47158,UserCF,2,4681909,1.1207
47158,UserCF,3,4366730,1.0324
47158,ItemCF,1,2290682,0.448
47158,ItemCF,2,4366730,0.3073
47158,ItemCF,3,635576,0.3015
47206,UserCF,1,832991,0.9046
47206,UserCF,2,5075927,0.6708
47206,UserCF,3,297610,0.6708
47206,ItemCF,1,2950552,0.3482
47206,ItemCF,2,67277,0.2739
47206,ItemCF,3,297610,0.2652
47299,UserCF,1,1962765,1.0791
47299,UserCF,2,162799,0.9082
47299,UserCF,3,3583335,0.686
47299,ItemCF,1,162799,0.4157
47299,ItemCF,2,2508134,0.2041
47299,ItemCF,3,1595279,0.2041
47346,UserCF,1,4550052,1.2481
47346,UserCF,2,3403645,0.7618
47346,UserCF,3,677692,0.7071
47346,ItemCF,1,312026,0.5774
47346,ItemCF,2,4550052,0.3376
47346,ItemCF,3,438990,0.2887
47407,UserCF,1,2333548,0.8677
47407,UserCF,2,1186337,0.809
47407,UserCF,3,3908596,0.6325
47407,ItemCF,1,2333548,0.6136
47407,ItemCF,2,1126177,0.4472
47407,ItemCF,3,139276,0.4472
47533,UserCF,1,3520504,1.3728
47533,UserCF,2,4539052,0.7845
47533,UserCF,3,841487,0.7845
47533,ItemCF,1,841487,0.3701
47533,ItemCF,2,4484120,0.2315
47533,ItemCF,3,4539052,0.2137
47754,UserCF,1,1930411,0.6708
47754,UserCF,2,180945,0.5774
47754,UserCF,3,4263070,0.5345
47754,ItemCF,1,4696408,0.2887
47754,ItemCF,2,3146761,0.2582
47754,ItemCF,3,2468542,0.2425
47785,UserCF,1,3853076,1.3104
47785,UserCF,2,1739383,0.9082
47785,UserCF,3,704551,0.8536
47785,ItemCF,1,3853076,0.3594
47785,ItemCF,2,3496706,0.2449
47785,ItemCF,3,704551,0.2108
47804,UserCF,1,4808594,0.6396
47804,UserCF,2,127812,0.5774
47804,UserCF,3,5092508,0.5774
47804,ItemCF,1,4808594,0.2739
47804,ItemCF,2,4803083,0.189
47804,ItemCF,3,3053524,0.1826
47850,UserCF,1,3716319,0.8429
47850,UserCF,2,4523651,0.6373
47850,UserCF,3,3246591,0.5774
47850,ItemCF,1,3716319,0.5249
47850,ItemCF,2,4523651,0.2638
47850,ItemCF,3,4577122,0.2462
47943,UserCF,1,2787602,0.9701
47943,UserCF,2,1242478,0.7071
47943,UserCF,3,3711345,0.5
47943,ItemCF,1,2787602,0.9428
47943,ItemCF,2,2505790,0.3333
47943,ItemCF,3,2023751,0.2041
48028,UserCF,1,1126388,0.686
48028,UserCF,2,2739898,0.6396
48028,UserCF,3,1047955,0.6325
48028,ItemCF,1,1126388,0.2365
48028,ItemCF,2,1047955,0.2357
48028,ItemCF,3,4696408,0.1768
48088,UserCF,1,2303733,1.633
48088,UserCF,2,222342,0.956
48088,UserCF,3,2971467,0.7416
48088,ItemCF,1,2303733,0.5521
48088,ItemCF,2,465280,0.5
48088,ItemCF,3,4766074,0.4082
48100,UserCF,1,4299775,0.6547
48100,UserCF,2,3258733,0.6547
48100,UserCF,3,1113009,0.6547
48100,ItemCF,1,1702430,0.4781
48100,ItemCF,2,3692526,0.4629
48100,ItemCF,3,3258733,0.4388
48109,UserCF,1,3654805,0.5443
48109,UserCF,2,1360399,0.5443
48109,UserCF,3,3996952,0.3775
48109,ItemCF,1,454408,0.6708
48109,ItemCF,2,1360399,0.4104
48109,ItemCF,3,1188980,0.3354
48154,UserCF,1,139351,1.9082
48154,UserCF,2,1188838,1.4082
48154,UserCF,3,3624285,1.1767
48154,ItemCF,1,139351,0.5832
48154,ItemCF,2,3624285,0.2657
48154,ItemCF,3,3379926,0.1664
48289,UserCF,1,2290512,1.2071
48289,UserCF,2,1527928,0.7071
48289,UserCF,3,1410360,0.5
48289,ItemCF,1,1410360,0.5
48289,ItemCF,2,2290512,0.3015
48289,ItemCF,3,1527928,0.2887
48296,UserCF,1,1823649,0.6708
48296,UserCF,2,4672362,0.5
48296,UserCF,3,4294970,0.5
48296,ItemCF,1,4672362,0.4082
48296,ItemCF,2,1823649,0.1826
48296,ItemCF,3,2661469,0.1491
48334,UserCF,1,3677861,1.8772
48334,UserCF,2,4637707,1.6154
48334,UserCF,3,24834,1.5
48334,ItemCF,1,24834,0.4215
48334,ItemCF,2,4637707,0.3873
48334,ItemCF,3,3677861,0.3839
48439,UserCF,1,2250189,0.7303
48439,UserCF,2,645176,0.7303
48439,UserCF,3,3878908,0.7303
48439,ItemCF,1,3326924,0.3563
48439,ItemCF,2,3307905,0.3536
48439,ItemCF,3,705200,0.3198
48463,UserCF,1,3048067,0.8556
48463,UserCF,2,3495668,0.5477
48463,UserCF,3,4130380,0.5477
48463,ItemCF,1,3495668,0.3198
48463,ItemCF,2,4130380,0.3062
48463,ItemCF,3,3048067,0.2887
48522,UserCF,1,812879,0.9
48522,UserCF,2,3935628,0.6708
48522,UserCF,3,1716436,0.6708
48522,ItemCF,1,1532423,0.4629
48522,ItemCF,2,3301791,0.4009
48522,ItemCF,3,1716436,0.4009
48566,UserCF,1,5027281,0.9487
48566,UserCF,2,347712,0.7071
48566,ItemCF,1,5027281,0.3693
48566,ItemCF,2,347712,0.0449
48694,UserCF,1,4500407,0.6708
48694,UserCF,2,2453685,0.2236
48694,UserCF,3,2161188,0.1826
48694,ItemCF,1,1491477,0.5774
48694,ItemCF,2,4500407,0.3586
48694,ItemCF,3,2161188,0.126
48854,UserCF,1,1684440,0.7245
48854,UserCF,2,3395871,0.686
48854,UserCF,3,4806850,0.5883
48854,ItemCF,1,3395871,0.2333
48854,ItemCF,2,4377643,0.2236
48854,ItemCF,3,65132,0.207
49055,UserCF,1,4245608,1.7007
49055,UserCF,2,2988047,1.0123
49055,UserCF,3,2881595,1.0
49055,ItemCF,1,4245608,0.2669
49055,ItemCF,2,4712130,0.2641
49055,ItemCF,3,278610,0.2157
49095,UserCF,1,303311,0.809
49095,UserCF,2,3704297,0.8
49095,UserCF,3,3722102,0.6325
49095,ItemCF,1,654637,0.6124
49095,ItemCF,2,3791442,0.3873
49095,ItemCF,3,303311,0.3145
49164,UserCF,1,1685459,0.6708
49164,UserCF,2,2823353,0.5477
49164,UserCF,3,2654160,0.5477
49164,ItemCF,1,1636676,0.4804
49164,ItemCF,2,1685459,0.3721
49164,ItemCF,3,4586413,0.3145
49398,UserCF,1,2144833,1.1921
49398,UserCF,2,2300423,0.5601
49398,UserCF,3,4401011,0.5222
49398,ItemCF,1,2144833,0.4629
49398,ItemCF,2,2300423,0.4082
49398,ItemCF,3,2456369,0.2582
49417,UserCF,1,1825796,0.5
49417,UserCF,2,1729308,0.5
49417,UserCF,3,2437517,0.4082
49417,ItemCF,1,3759953,0.3333
49417,ItemCF,2,1729308,0.3162
49417,ItemCF,3,3477139,0.2236
49426,UserCF,1,5133081,1.0
49426,UserCF,2,2541613,0.6396
49426,UserCF,3,305449,0.6396
49426,ItemCF,1,48680,0.5
49426,ItemCF,2,3543079,0.3922
49426,ItemCF,3,4698996,0.3162
49435,UserCF,1,3246733,0.9533
49435,UserCF,2,2331370,0.9428
49435,UserCF,3,1153773,0.8536
49435,ItemCF,1,19459,0.2287
49435,ItemCF,2,4082554,0.2157
49435,ItemCF,3,1146774,0.1447
49473,UserCF,1,4565615,0.5
49473,UserCF,2,2706380,0.5
49473,UserCF,3,4211339,0.5
49473,ItemCF,1,2706380,0.5
49473,ItemCF,2,1361934,0.4472
49473,ItemCF,3,3079322,0.3162
49496,UserCF,1,105055,1.7673
49496,UserCF,2,141437,0.5345
49496,UserCF,3,2578030,0.5
49496,ItemCF,1,3077956,0.3162
49496,ItemCF,2,105055,0.239
49496,ItemCF,3,2578030,0.2236
49498,UserCF,1,3251083,0.5774
49498,UserCF,2,1023553,0.569
49498,UserCF,3,2353009,0.5244
49498,ItemCF,1,5020485,0.3536
49498,ItemCF,2,1988091,0.3145
49498,ItemCF,3,3685477,0.2425
49534,UserCF,1,3244134,0.5222
49534,UserCF,2,788974,0.4764
49534,UserCF,3,3240633,0.4082
49534,ItemCF,1,3878031,0.4082
49534,ItemCF,2,2530683,0.3162
49534,ItemCF,3,2636056,0.2887
49566,UserCF,1,3677861,1.866
49566,UserCF,2,4637707,1.6076
49566,UserCF,3,24834,1.2247
49566,ItemCF,1,4637707,0.5123
49566,ItemCF,2,3677861,0.4819
49566,ItemCF,3,24834,0.4215
49763,UserCF,1,2762212,1.308
49763,UserCF,2,2002248,0.8783
49763,UserCF,3,4773524,0.6627
49763,ItemCF,1,2002248,0.5162
49763,ItemCF,2,4318526,0.375
49763,ItemCF,3,3878792,0.3354
49919,UserCF,1,2499853,0.6708
49919,UserCF,2,1690295,0.6325
49919,UserCF,3,2856386,0.5898
49919,ItemCF,1,2499853,0.433
49919,ItemCF,2,4237756,0.3536
49919,ItemCF,3,2856386,0.343
50081,UserCF,1,1565339,0.686
50081,UserCF,2,3338087,0.5
50081,UserCF,3,3742105,0.5
50081,ItemCF,1,284053,0.2582
50081,ItemCF,2,1565339,0.2333
50081,ItemCF,3,3338087,0.1543
50179,UserCF,1,4756124,0.6325
50179,UserCF,2,3600228,0.5
50179,UserCF,3,3737185,0.5
50179,ItemCF,1,3737185,0.25
50179,ItemCF,2,4756124,0.1741
50179,ItemCF,3,3999536,0.1667
50231,UserCF,1,3632268,0.6396
50231,UserCF,2,2823353,0.5
50231,UserCF,3,3856977,0.5
50231,ItemCF,1,1692600,0.3162
50231,ItemCF,2,3632268,0.3062
50231,ItemCF,3,2956909,0.1581
50248,UserCF,1,674193,0.6325
50248,UserCF,2,3077270,0.6325
50248,UserCF,3,1716379,0.5669
50248,ItemCF,1,312026,0.3015
50248,ItemCF,2,1716379,0.2236
50248,ItemCF,3,4547240,0.2041
50281,UserCF,1,2671601,0.5774
50281,UserCF,2,1163632,0.5774
50281,UserCF,3,4641554,0.5
50281,ItemCF,1,2671601,0.4851
50281,ItemCF,2,525821,0.4851
50281,ItemCF,3,1163632,0.3961
50286,UserCF,1,3389952,0.8944
50286,UserCF,2,2077361,0.8944
50286,UserCF,3,2851250,0.6708
50286,ItemCF,1,2077361,0.6667
50286,ItemCF,2,3389952,0.5774
50286,ItemCF,3,2851250,0.4082
50506,UserCF,1,3258733,0.8162
50506,UserCF,2,4105058,0.7618
50506,UserCF,3,3403645,0.6708
50506,ItemCF,1,1750803,0.2582
50506,ItemCF,2,19459,0.2132
50506,ItemCF,3,4105058,0.2132
50703,UserCF,1,1880438,0.809
50703,UserCF,2,4032149,0.8
50703,UserCF,3,1864347,0.7303
50703,ItemCF,1,4465261,0.378
50703,ItemCF,2,1880438,0.2978
50703,ItemCF,3,4830507,0.2673
50711,UserCF,1,2620478,0.3873
50711,UserCF,2,4929004,0.3873
50711,UserCF,3,1747893,0.3873
50711,ItemCF,1,2620478,0.3873
50711,ItemCF,2,1747893,0.3586
50711,ItemCF,3,855292,0.3162
50851,UserCF,1,306539,0.6124
50851,UserCF,2,1434990,0.5
50851,UserCF,3,3582893,0.2041
50851,ItemCF,1,306539,0.4804
50851,ItemCF,2,78905,0.3333
50851,ItemCF,3,3582893,0.2182
50899,UserCF,1,3714526,0.6124
50899,UserCF,2,577074,0.5345
50899,UserCF,3,4503575,0.5
50899,ItemCF,1,1821387,0.2887
50899,ItemCF,2,481669,0.2236
50899,ItemCF,3,577074,0.2108
51045,UserCF,1,2386207,0.4851
51045,UserCF,2,1694791,0.4743
51045,UserCF,3,2253111,0.4523
51045,ItemCF,1,2386207,0.6489
51045,ItemCF,2,1906885,0.2509
51045,ItemCF,3,2253111,0.2308
51177,UserCF,1,2668825,0.5
51177,UserCF,2,2240359,0.5
51177,UserCF,3,1779906,0.5
51177,ItemCF,1,2668825,0.4082
51177,ItemCF,2,4007280,0.2582
51177,ItemCF,3,1779906,0.1826
51224,UserCF,1,2338453,0.7698
51224,UserCF,2,4952541,0.7416
51224,UserCF,3,4781883,0.5477
51224,ItemCF,1,2412796,0.4045
51224,ItemCF,2,1602246,0.3162
51224,ItemCF,3,1955639,0.3128
51364,UserCF,1,4189993,0.5
51364,UserCF,2,3657095,0.5
51364,UserCF,3,2174346,0.5
51364,ItemCF,1,4189993,0.4472
51364,ItemCF,2,1419624,0.2673
51364,ItemCF,3,4124021,0.2236
51408,UserCF,1,2991591,0.6708
51408,UserCF,2,1188838,0.6708
51408,UserCF,3,3571152,0.5
51408,ItemCF,1,1188838,0.6124
51408,ItemCF,2,2127137,0.5
51408,ItemCF,3,2991591,0.433
51603,UserCF,1,2010880,1.8974
51603,UserCF,2,4438708,0.7807
51603,UserCF,3,2973392,0.5164
51603,ItemCF,1,2010880,1.1668
51603,ItemCF,2,5022767,0.4851
51603,ItemCF,3,4438708,0.4339
51708,UserCF,1,128495,1.2053
51708,UserCF,2,4649427,1.1396
51708,UserCF,3,3237277,1.0
51708,ItemCF,1,1517929,0.1952
51708,ItemCF,2,3025388,0.169
51708,ItemCF,3,1336167,0.169
51842,UserCF,1,3183557,1.2098
51842,UserCF,2,2642113,0.9082
51842,UserCF,3,998153,0.8162
51842,ItemCF,1,3183557,0.2456
51842,ItemCF,2,1952529,0.2036
51842,ItemCF,3,806185,0.2003
51910,UserCF,1,3878792,0.5
51910,UserCF,2,4667603,0.5
51910,UserCF,3,5083146,0.5
51910,ItemCF,1,4192364,0.5774
51910,ItemCF,2,403950,0.3333
51910,ItemCF,3,5083146,0.2887
51996,UserCF,1,224906,0.6708
51996,UserCF,2,186855,0.6708
51996,UserCF,3,137035,0.6708
51996,ItemCF,1,186855,0.2308
51996,ItemCF,2,2328691,0.1768
51996,ItemCF,3,137035,0.1721
52068,UserCF,1,3137777,0.5
52068,UserCF,2,4092373,0.5
52068,UserCF,3,2176009,0.5
52068,ItemCF,1,3137777,0.2887
52068,ItemCF,2,2176009,0.2673
52068,ItemCF,3,1646218,0.2041
52310,UserCF,1,4518981,0.6708
52310,UserCF,2,1939962,0.6708
52310,UserCF,3,1989476,0.6325
52310,ItemCF,1,770314,0.4082
52310,ItemCF,2,424424,0.3333
52310,ItemCF,3,909804,0.2887
52550,UserCF,1,4400371,0.6708
52550,UserCF,2,2018062,0.6708
52550,UserCF,3,4535674,0.6325
52550,ItemCF,1,2018062,0.2315
52550,ItemCF,2,4400371,0.2224
52550,ItemCF,3,1288796,0.1925
52554,UserCF,1,1930411,0.9649
52554,UserCF,2,1451775,0.9649
52554,UserCF,3,2828948,0.5
52554,ItemCF,1,1451775,0.7348
52554,ItemCF,2,1930411,0.6211
52554,ItemCF,3,1613031,0.25
52658,UserCF,1,4113687,0.6708
52658,UserCF,2,1077547,0.6325
52658,UserCF,3,686695,0.5774
52658,ItemCF,1,1077547,0.2828
52658,ItemCF,2,4113687,0.2224
52658,ItemCF,3,2292619,0.2
52745,UserCF,1,1862777,0.7071
52745,ItemCF,1,1862777,0.1581
52815,UserCF,1,4336726,0.7041
52815,UserCF,2,2623852,0.686
52815,UserCF,3,331318,0.6708
52815,ItemCF,1,2623852,0.3381
52815,ItemCF,2,4435587,0.3162
52815,ItemCF,3,698037,0.2236
52863,UserCF,1,3084376,1.2247
52863,UserCF,2,3783464,0.9842
52863,UserCF,3,207994,0.7698
52863,ItemCF,1,2841845,0.3153
52863,ItemCF,2,3084376,0.2657
52863,ItemCF,3,58950,0.2236
53188,UserCF,1,3783464,1.0
53188,UserCF,2,833841,0.5477
53188,UserCF,3,1442256,0.5477
53188,ItemCF,1,833841,0.378
53188,ItemCF,2,138859,0.2673
53188,ItemCF,3,2870133,0.239
53303,UserCF,1,2469337,0.7127
53303,UserCF,2,2364679,0.6787
53303,UserCF,3,3209415,0.5164
53303,ItemCF,1,2469337,0.4326
53303,ItemCF,2,1249104,0.3062
53303,ItemCF,3,3184656,0.2887
53553,UserCF,1,1284489,0.8944
53553,UserCF,2,2988776,0.5
53553,UserCF,3,3766115,0.5
53553,ItemCF,1,1284489,0.5774
53553,ItemCF,2,4973485,0.3651
53553,ItemCF,3,3717279,0.3536
53574,UserCF,1,5039082,0.6396
53574,UserCF,2,2858109,0.6396
53574,UserCF,3,4756124,0.4867
53574,ItemCF,1,4756124,0.6396
53574,ItemCF,2,1068211,0.6124
53574,ItemCF,3,2858109,0.5222
53708,UserCF,1,1138785,0.6325
53708,UserCF,2,2864222,0.5
53708,UserCF,3,3759982,0.5
53708,ItemCF,1,1100169,0.2835
53708,ItemCF,2,1138785,0.2828
53708,ItemCF,3,441253,0.2236
53931,UserCF,1,2002248,1.3887
53931,UserCF,2,3783464,1.1396
53931,UserCF,3,3529591,0.9558
53931,ItemCF,1,2002248,0.5162
53931,ItemCF,2,4318526,0.375
53931,ItemCF,3,3878792,0.3354
54194,UserCF,1,4047445,0.6325
54194,UserCF,2,3077270,0.5
54194,UserCF,3,4787364,0.5
54194,ItemCF,1,2556201,0.2887
54194,ItemCF,2,3575048,0.2182
54194,ItemCF,3,2656231,0.189
54225,UserCF,1,3728584,0.5
54225,UserCF,2,1534645,0.5
54225,UserCF,3,1174823,0.5
54225,ItemCF,1,3728584,0.2182
54225,ItemCF,2,904206,0.2182
54225,ItemCF,3,1534645,0.2132
54381,UserCF,1,1962765,2.3018
54381,UserCF,2,4641554,1.423
54381,UserCF,3,2564626,1.0
54381,ItemCF,1,2372094,0.4472
54381,ItemCF,2,4641554,0.2402
54381,ItemCF,3,3055010,0.2041
54481,UserCF,1,530918,0.8581
54481,UserCF,2,1212055,0.7526
54481,UserCF,3,1668747,0.7526
54481,ItemCF,1,1668747,0.6708
54481,ItemCF,2,530918,0.6211
54481,ItemCF,3,1906885,0.4954
54543,UserCF,1,5110762,0.6708
54543,UserCF,2,2521740,0.5774
54543,UserCF,3,2603039,0.5
54543,ItemCF,1,4777971,0.281
54543,ItemCF,2,3839986,0.2357
54543,ItemCF,3,4736400,0.2236
54688,UserCF,1,250120,1.0
54688,UserCF,2,2261537,0.686
54688,UserCF,3,1887450,0.6325
54688,ItemCF,1,250120,0.378
54688,ItemCF,2,1887450,0.2673
54688,ItemCF,3,4916396,0.2222
54742,UserCF,1,1037004,1.2344
54742,UserCF,2,3634446,1.0479
54742,UserCF,3,1880438,0.6172
54742,ItemCF,1,1037004,0.3578
54742,ItemCF,2,3582893,0.2673
54742,ItemCF,3,1880438,0.2138
55073,UserCF,1,1910706,0.686
55073,UserCF,2,2776148,0.6708
55073,UserCF,3,1894664,0.5774
55073,ItemCF,1,1910706,0.4
55073,ItemCF,2,1969563,0.2673
55073,ItemCF,3,2229603,0.252
55099,UserCF,1,1442256,0.7041
55099,UserCF,2,4489062,0.6708
55099,UserCF,3,3647361,0.6325
55099,ItemCF,1,3647361,0.2887
55099,ItemCF,2,4485770,0.2887
55099,ItemCF,3,2359306,0.2887
55217,UserCF,1,4234315,1.423
55217,UserCF,2,1871695,0.9082
55217,UserCF,3,2099112,0.8944
55217,ItemCF,1,4234315,0.5669
55217,ItemCF,2,4611207,0.2582
55217,ItemCF,3,711824,0.2315
55239,UserCF,1,1850012,0.629
55239,UserCF,2,4101731,0.5345
55239,UserCF,3,4771138,0.4364
55239,ItemCF,1,1850012,0.55
55239,ItemCF,2,4101731,0.4714
55239,ItemCF,3,3505100,0.3536
55292,UserCF,1,812879,0.7296
55292,UserCF,2,1641852,0.6667
55292,UserCF,3,3713574,0.5477
55292,ItemCF,1,4465261,0.378
55292,ItemCF,2,4830507,0.2673
55292,ItemCF,3,1641852,0.1772
55396,UserCF,1,694434,0.9608
55396,UserCF,2,6311,0.7303
55396,UserCF,3,2534671,0.5601
55396,ItemCF,1,3141857,0.3586
55396,ItemCF,2,1501726,0.303
55396,ItemCF,3,3747847,0.2075
55447,UserCF,1,3033982,0.5
55447,UserCF,2,203244,0.5
55447,UserCF,3,3209415,0.3536
55447,ItemCF,1,3033982,0.7071
55447,ItemCF,2,4611207,0.5
55447,ItemCF,3,1523499,0.3536
55631,UserCF,1,4876800,0.5
55631,UserCF,2,3788742,0.5
55631,UserCF,3,1234236,0.5
55631,ItemCF,1,698037,0.4082
55631,ItemCF,2,4333182,0.2357
55631,ItemCF,3,2751589,0.2041
55637,UserCF,1,1823649,0.5443
55637,UserCF,2,5009650,0.5298
55637,UserCF,3,3711400,0.4082
55637,ItemCF,1,1381912,0.378
55637,ItemCF,2,1823649,0.3563
55637,ItemCF,3,5009650,0.276
55843,UserCF,1,1962765,1.4558
55843,UserCF,2,94892,0.9487
55843,UserCF,3,4641554,0.9
55843,ItemCF,1,3437026,0.75
55843,ItemCF,2,2761782,0.4711
55843,ItemCF,3,3194778,0.2835
55886,UserCF,1,1823136,2.1709
55886,UserCF,2,4397300,0.6396
55886,UserCF,3,2243483,0.6396
55886,ItemCF,1,1823136,1.4846
55886,ItemCF,2,2145544,0.4082
55886,ItemCF,3,1448957,0.3333
55905,UserCF,1,410375,0.9487
55905,UserCF,2,3300593,0.7071
55905,UserCF,3,4215803,0.7071
55905,ItemCF,1,410375,0.3536
55905,ItemCF,2,1810491,0.1543
55905,ItemCF,3,3300593,0.1443
55969,UserCF,1,4971547,1.2247
55969,UserCF,2,4014543,1.2247
55969,UserCF,3,2338453,0.9533
55969,ItemCF,1,4971547,0.3954
55969,ItemCF,2,4014543,0.3085
55969,ItemCF,3,5115689,0.2132
56112,UserCF,1,393188,0.8944
56112,UserCF,2,4858377,0.866
56112,UserCF,3,2575122,0.866
56112,ItemCF,1,393188,0.2357
56112,ItemCF,2,4858377,0.2041
56112,ItemCF,3,4997967,0.1667
56149,UserCF,1,3930383,2.0
56149,UserCF,2,24834,0.6708
56149,UserCF,3,2563440,0.6708
56149,ItemCF,1,246666,0.686
56149,ItemCF,2,3930383,0.6468
56149,ItemCF,3,1606615,0.3961
56173,UserCF,1,3704235,1.1708
56173,UserCF,2,2678214,0.6422
56173,UserCF,3,2238805,0.6396
56173,ItemCF,1,3704235,0.3203
56173,ItemCF,2,138277,0.3015
56173,ItemCF,3,4407522,0.2132
56273,UserCF,1,1075098,0.7071
56273,UserCF,2,279675,0.7071
56273,UserCF,3,5007473,0.5774
56273,ItemCF,1,1075098,0.3162
56273,ItemCF,2,5007473,0.2582
56273,ItemCF,3,228237,0.2582
56287,UserCF,1,1962765,2.3018
56287,UserCF,2,4641554,1.423
56287,UserCF,3,1037004,1.0
56287,ItemCF,1,5002008,0.2673
56287,ItemCF,2,4641554,0.2402
56287,ItemCF,3,3148330,0.2004
56318,UserCF,1,2280030,1.6277
56318,UserCF,2,15331,0.9204
56318,UserCF,3,3597451,0.8581
56318,ItemCF,1,15331,0.6124
56318,ItemCF,2,3597451,0.4593
56318,ItemCF,3,2280030,0.3762
56387,UserCF,1,2783905,1.0294
56387,UserCF,2,644461,0.8581
56387,UserCF,3,4553363,0.8216
56387,ItemCF,1,3535515,0.6124
56387,ItemCF,2,4250427,0.6
56387,ItemCF,3,4553363,0.4811
56458,UserCF,1,2466955,1.5
56458,UserCF,2,386100,1.5
56458,UserCF,3,2521740,0.9082
56458,ItemCF,1,2466955,0.4025
56458,ItemCF,2,386100,0.2777
56458,ItemCF,3,4460340,0.2315
56493,UserCF,1,4112015,0.9082
56493,UserCF,2,3716319,0.9082
56493,UserCF,3,4293038,0.8165
56493,ItemCF,1,4989871,0.2801
56493,ItemCF,2,4997967,0.2425
56493,ItemCF,3,58511,0.2425
56544,UserCF,1,2047347,0.6708
56544,UserCF,2,1444258,0.6708
56544,UserCF,3,44126,0.5
56544,ItemCF,1,2047347,0.3586
56544,ItemCF,2,2638042,0.2582
56544,ItemCF,3,4848535,0.2582
56717,UserCF,1,4835134,1.1921
56717,UserCF,2,3727905,0.9553
56717,UserCF,3,3937204,0.7054
56717,ItemCF,1,4073414,0.5669
56717,ItemCF,2,4835134,0.4009
56717,ItemCF,3,5024842,0.1857
57045,UserCF,1,3531005,0.6396
57045,UserCF,2,3377603,0.5
57045,UserCF,3,3969242,0.5
57045,ItemCF,1,3531005,0.5222
57045,ItemCF,2,2907526,0.4082
57045,ItemCF,3,448817,0.4082
57065,UserCF,1,1951985,0.7206
57065,UserCF,2,3159779,0.6124
57065,UserCF,3,262799,0.3485
57065,ItemCF,1,432334,0.6396
57065,ItemCF,2,1951985,0.4797
57065,ItemCF,3,798134,0.4045
57267,UserCF,1,5039082,0.5
57267,UserCF,2,3152740,0.5
57267,UserCF,3,3943756,0.5
57267,ItemCF,1,4826027,0.3015
57267,ItemCF,2,2302456,0.2887
57267,ItemCF,3,3249073,0.2132
57285,UserCF,1,272082,0.6708
57285,UserCF,2,2378296,0.6396
57285,UserCF,3,48125,0.4082
57285,ItemCF,1,2378296,0.4472
57285,ItemCF,2,272082,0.3693
57285,ItemCF,3,3239616,0.2887
57415,UserCF,1,1168346,0.686
57415,UserCF,2,3012063,0.6708
57415,UserCF,3,4121299,0.6396
57415,ItemCF,1,3012063,0.4629
57415,ItemCF,2,4943720,0.378
57415,ItemCF,3,1168346,0.1905
57430,UserCF,1,2858875,0.5477
57430,UserCF,2,5110762,0.5477
57430,UserCF,3,4253629,0.5222
57430,ItemCF,1,4823470,0.3333
57430,ItemCF,2,2858875,0.2887
57430,ItemCF,3,317924,0.2887
57468,UserCF,1,3174951,0.6325
57468,UserCF,2,250498,0.6325
57468,UserCF,3,4946302,0.4472
57468,ItemCF,1,2364742,0.4714
57468,ItemCF,2,5133976,0.378
57468,ItemCF,3,2555853,0.2857
57741,UserCF,1,3735183,0.6708
57741,UserCF,2,4532626,0.5
57741,UserCF,3,2620478,0.5
57741,ItemCF,1,3735183,0.3721
57741,ItemCF,2,1532176,0.2357
57741,ItemCF,3,2924287,0.2041
57992,UserCF,1,2453685,0.8536
57992,UserCF,2,1693362,0.686
57992,UserCF,3,806185,0.686
57992,ItemCF,1,1693362,0.5443
57992,ItemCF,2,3964583,0.2108
57992,ItemCF,3,806185,0.2003
58080,UserCF,1,646297,0.6325
58080,UserCF,2,2016392,0.5669
58080,UserCF,3,3563468,0.5
58080,ItemCF,1,4124021,0.2887
58080,ItemCF,2,3468194,0.2887
58080,ItemCF,3,4149849,0.1543
58194,UserCF,1,1009464,0.8528
58194,UserCF,2,4702391,0.6396
58194,UserCF,3,5042305,0.6396
58194,ItemCF,1,4702391,0.5
58194,ItemCF,2,97714,0.5
58194,ItemCF,3,3078532,0.4121
58228,UserCF,1,5118763,1.2247
58228,UserCF,2,4957887,0.7416
58228,UserCF,3,2829056,0.5164
58228,ItemCF,1,5118763,0.5196
58228,ItemCF,2,2811801,0.2673
58228,ItemCF,3,3377667,0.2132
58281,UserCF,1,2019319,1.0749
58281,UserCF,2,2204577,0.9932
58281,UserCF,3,4215633,0.9203
58281,ItemCF,1,2341467,0.3536
58281,ItemCF,2,4109333,0.2887
58281,ItemCF,3,4593515,0.1826
58314,UserCF,1,81449,0.5
58314,UserCF,2,3504009,0.4082
58314,UserCF,3,1160380,0.4082
58314,ItemCF,1,4098490,0.3536
58314,ItemCF,2,760983,0.3536
58314,ItemCF,3,3093362,0.2887
58421,UserCF,1,4242144,0.5774
58421,UserCF,2,3352155,0.5774
58421,UserCF,3,1077547,0.5
58421,ItemCF,1,596763,0.5298
58421,ItemCF,2,4242144,0.4588
58421,ItemCF,3,612993,0.4104
58531,UserCF,1,4550052,1.3568
58531,UserCF,2,3845720,1.0
58531,UserCF,3,677692,1.0
58531,ItemCF,1,312026,0.5774
58531,ItemCF,2,2443536,0.3333
58531,ItemCF,3,4550052,0.3111
58549,UserCF,1,5062984,0.9595
58549,UserCF,2,5051027,0.7359
58549,UserCF,3,949862,0.6422
58549,ItemCF,1,4352300,0.3468
58549,ItemCF,2,1813380,0.2611
58549,ItemCF,3,949862,0.2213
58579,UserCF,1,3935628,0.6708
58579,UserCF,2,2204577,0.5477
58579,UserCF,3,1589505,0.5477
58579,ItemCF,1,110258,0.4804
58579,ItemCF,2,879245,0.3721
58579,ItemCF,3,1201515,0.3086
58694,UserCF,1,4835134,1.0324
58694,UserCF,2,1061335,0.4743
58694,UserCF,3,5150285,0.4472
58694,ItemCF,1,4073414,0.5669
58694,ItemCF,2,4835134,0.4009
58694,ItemCF,3,1061335,0.3974
58767,UserCF,1,255748,1.0
58767,UserCF,2,2762212,0.9203
58767,UserCF,3,1589505,0.6396
58767,ItemCF,1,2068350,0.3086
58767,ItemCF,2,4415628,0.2673
58767,ItemCF,3,1602246,0.189
58995,UserCF,1,2823353,1.2196
58995,UserCF,2,1481203,0.7409
58995,UserCF,3,3084376,0.7071
58995,ItemCF,1,230577,0.3397
58995,ItemCF,2,1750803,0.2913
58995,ItemCF,3,1177305,0.2878
59164,UserCF,1,3410332,0.6708
59164,UserCF,2,4047445,0.6325
59164,UserCF,3,4422179,0.5
59164,ItemCF,1,2668307,0.3536
59164,ItemCF,2,2556201,0.2887
59164,ItemCF,3,3410332,0.2835
59208,UserCF,1,2654160,1.5
59208,UserCF,2,4439694,0.9428
59208,UserCF,3,4835633,0.5
59208,ItemCF,1,2654160,0.45
59208,ItemCF,2,5020485,0.3536
59208,ItemCF,3,4439694,0.3333
59453,UserCF,1,3931933,0.686
59453,UserCF,2,4841375,0.6708
59453,UserCF,3,2253111,0.6667
59453,ItemCF,1,3931933,0.4216
59453,ItemCF,2,5161641,0.3651
59453,ItemCF,3,3064521,0.3162
59992,UserCF,1,2290682,1.9414
59992,UserCF,2,4061696,1.3333
59992,UserCF,3,2364679,1.2494
59992,ItemCF,1,1439195,0.7845
59992,ItemCF,2,4061696,0.6
59992,ItemCF,3,2290682,0.448
60105,UserCF,1,3629316,0.6667
60105,UserCF,2,1136613,0.6667
60105,UserCF,3,2412796,0.6396
60105,ItemCF,1,1136613,0.5
60105,ItemCF,2,2412796,0.3419
60105,ItemCF,3,4651640,0.2673
60982,UserCF,1,235572,1.186
60982,UserCF,2,1702754,1.0
60982,UserCF,3,558172,1.0
60982,ItemCF,1,235572,0.6319
60982,ItemCF,2,558172,0.4472
60982,ItemCF,3,1702754,0.2887
61031,UserCF,1,4211339,0.7845
61031,UserCF,2,4216439,0.7845
61031,UserCF,3,4450440,0.6124
61031,ItemCF,1,2332261,0.4082
61031,ItemCF,2,3505100,0.3536
61031,ItemCF,3,4216188,0.2236
61057,UserCF,1,448625,1.5868
61057,UserCF,2,2044918,0.6708
61057,UserCF,3,219239,0.6667
61057,ItemCF,1,5019489,0.5477
61057,ItemCF,2,559897,0.4629
61057,ItemCF,3,448625,0.4535
61725,UserCF,1,5121807,0.686
61725,UserCF,2,11531,0.5
61725,ItemCF,1,5121807,0.3961
61725,ItemCF,2,11531,0.3333
61801,UserCF,1,2973076,0.5
61801,UserCF,2,2685550,0.5
61801,UserCF,3,3121645,0.5
61801,ItemCF,1,2685550,0.25
61801,ItemCF,2,1839607,0.25
61801,ItemCF,3,1846381,0.2041
61911,UserCF,1,4692332,1.0954
61911,UserCF,2,987143,0.9082
61911,UserCF,3,2858109,0.5
61911,ItemCF,1,4692332,0.6667
61911,ItemCF,2,1525411,0.2357
61911,ItemCF,3,3111522,0.2108
61917,UserCF,1,4493450,1.2845
61917,UserCF,2,4112015,1.2845
61917,UserCF,3,3716319,1.2845
61917,ItemCF,1,58511,0.2425
61917,ItemCF,2,4112015,0.1833
61917,ItemCF,3,3434248,0.1819
62077,UserCF,1,2721889,1.2618
62077,UserCF,2,4971547,1.2247
62077,UserCF,3,4014543,1.2247
62077,ItemCF,1,4971547,0.3954
62077,ItemCF,2,4014543,0.3085
62077,ItemCF,3,2721889,0.3009
62205,UserCF,1,1435963,0.6708
62205,UserCF,2,1282695,0.6489
62205,UserCF,3,1773210,0.6396
62205,ItemCF,1,4521042,0.2357
62205,ItemCF,2,1773210,0.2194
62205,ItemCF,3,1282695,0.2068
62265,UserCF,1,2778083,1.0607
62265,UserCF,2,1205907,0.416
62265,UserCF,3,2751559,0.3536
62265,ItemCF,1,2778083,0.4001
62265,ItemCF,2,1205907,0.3419
62265,ItemCF,3,2938349,0.3333
62546,UserCF,1,4509510,0.7071
62546,UserCF,2,1434990,0.5774
62546,UserCF,3,479755,0.5774
62546,ItemCF,1,4509510,0.4104
62546,ItemCF,2,879245,0.4104
62546,ItemCF,3,479755,0.3468
62558,UserCF,1,832991,0.5883
62558,UserCF,2,4678791,0.5
62558,UserCF,3,4898584,0.5
62558,ItemCF,1,832991,0.2535
62558,ItemCF,2,1393372,0.25
62558,ItemCF,3,1316065,0.2236
62752,UserCF,1,3785251,0.7691
62752,UserCF,2,3183557,0.5477
62752,UserCF,3,1164931,0.5222
62752,ItemCF,1,673866,0.3873
62752,ItemCF,2,1997790,0.3721
62752,ItemCF,3,803682,0.3464
62822,UserCF,1,987143,0.5
62822,UserCF,2,278610,0.5
62822,UserCF,3,2965328,0.4082
62822,ItemCF,1,300367,0.5
62822,ItemCF,2,742504,0.3536
62822,ItemCF,3,278610,0.3536
62930,UserCF,1,1002770,0.6708
62930,UserCF,2,4057415,0.5
62930,UserCF,3,4443059,0.5
62930,ItemCF,1,1777438,0.4082
62930,ItemCF,2,184037,0.1768
62930,ItemCF,3,1002770,0.1564
63010,UserCF,1,3218931,0.4743
63010,UserCF,2,1205907,0.416
63010,UserCF,3,1913065,0.416
63010,ItemCF,1,1205907,0.3419
63010,ItemCF,2,3218931,0.3162
63010,ItemCF,3,1494026,0.3162
63016,UserCF,1,3272760,0.956
63016,UserCF,2,475851,0.5477
63016,UserCF,3,1275312,0.5477
63016,ItemCF,1,3272760,0.4472
63016,ItemCF,2,1439195,0.4472
63016,ItemCF,3,4681909,0.3508
63041,UserCF,1,1123340,0.6708
63041,UserCF,2,2818406,0.4082
63041,UserCF,3,2338453,0.4082
63041,ItemCF,1,1123340,0.5477
63041,ItemCF,2,4203288,0.5
63041,ItemCF,3,213748,0.2887
63235,UserCF,1,3149492,1.2247
63235,UserCF,2,2161188,0.8165
63235,UserCF,3,1379885,0.5477
63235,ItemCF,1,3149492,0.5834
63235,ItemCF,2,4148424,0.2041
63235,ItemCF,3,4380166,0.1826
63383,UserCF,1,265985,0.6325
63383,UserCF,2,1528739,0.6325
63383,UserCF,3,2874723,0.5744
63383,ItemCF,1,1528739,0.4714
63383,ItemCF,2,265985,0.2722
63383,ItemCF,3,955393,0.1796
63400,UserCF,1,128495,1.443
63400,UserCF,2,3676378,0.8165
63400,UserCF,3,1275702,0.6969
63400,ItemCF,1,770314,0.5345
63400,ItemCF,2,5045806,0.3333
63400,ItemCF,3,128495,0.3256
63491,UserCF,1,3224386,0.686
63491,UserCF,2,3388117,0.6708
63491,UserCF,3,2973853,0.6396
63491,ItemCF,1,3224386,0.3961
63491,ItemCF,2,3388117,0.303
63491,ItemCF,3,2652057,0.2582
63544,UserCF,1,3408074,0.4082
63544,UserCF,2,3297992,0.4082
63544,UserCF,3,3068568,0.4082
63544,ItemCF,1,3408074,0.2357
63544,ItemCF,2,1981099,0.1925
63544,ItemCF,3,895163,0.1925
63673,UserCF,1,2189117,0.686
63673,UserCF,2,2939730,0.6667
63673,UserCF,3,1987784,0.6667
63673,ItemCF,1,4273695,0.4082
63673,ItemCF,2,2189117,0.402
63673,ItemCF,3,1987784,0.3482
63913,UserCF,1,4839491,0.6205
63913,UserCF,2,2857790,0.6136
63913,UserCF,3,960014,0.5941
63913,ItemCF,1,2857790,0.7444
63913,ItemCF,2,4839491,0.6999
63913,ItemCF,3,960014,0.6999
64221,UserCF,1,2028434,0.7359
64221,UserCF,2,319541,0.6036
64221,UserCF,3,1317359,0.4743
64221,ItemCF,1,4283481,0.4
64221,ItemCF,2,3499954,0.3266
64221,ItemCF,3,4837172,0.2739
64290,UserCF,1,2856386,0.746
64290,UserCF,2,2003233,0.6325
64290,UserCF,3,320169,0.6325
64290,ItemCF,1,4237756,0.7559
64290,ItemCF,2,320169,0.7559
64290,ItemCF,3,2856386,0.7334
64337,UserCF,1,1547775,0.8
64337,UserCF,2,3326924,0.7303
64337,UserCF,3,2734659,0.6325
64337,ItemCF,1,3326924,0.4216
64337,ItemCF,2,3298169,0.3651
64337,ItemCF,3,1499183,0.2981
64502,UserCF,1,1412214,0.9082
64502,UserCF,2,2783905,0.9082
64502,UserCF,3,4817032,0.7245
64502,ItemCF,1,98726,0.2887
64502,ItemCF,2,2010289,0.2887
64502,ItemCF,3,1412214,0.2446
64529,UserCF,1,4946302,0.3
64529,UserCF,2,903467,0.2828
64529,ItemCF,1,4946302,0.433
64529,ItemCF,2,903467,0.2222
64569,UserCF,1,2828948,0.9082
64569,UserCF,2,3380674,0.8165
64569,UserCF,3,2638042,0.5477
64569,ItemCF,1,2638042,0.433
64569,ItemCF,2,3380674,0.2697
64569,ItemCF,3,98726,0.2132
64650,UserCF,1,4070904,0.5
64650,UserCF,2,2492343,0.5
64650,ItemCF,1,4070904,0.5
64650,ItemCF,2,2492343,0.4082
64768,UserCF,1,1100169,0.6708
64768,UserCF,2,1184265,0.5
64768,UserCF,3,812879,0.5
64768,ItemCF,1,963616,0.3162
64768,ItemCF,2,1100169,0.2224
64768,ItemCF,3,1889043,0.1961
64817,UserCF,1,3892770,1.46
64817,UserCF,2,3499954,1.206
64817,UserCF,3,1282695,0.6489
64817,ItemCF,1,3499954,0.6532
64817,ItemCF,2,2297391,0.4
64817,ItemCF,3,3194817,0.378
64952,UserCF,1,2783905,0.9082
64952,UserCF,2,2529069,0.6708
64952,UserCF,3,181946,0.6325
64952,ItemCF,1,2491786,0.2887
64952,ItemCF,2,665847,0.2041
64952,ItemCF,3,890188,0.1826
64992,UserCF,1,2828948,0.5774
64992,UserCF,2,3513297,0.5774
64992,UserCF,3,4472519,0.5
64992,ItemCF,1,3513297,0.3086
64992,ItemCF,2,3272730,0.2582
64992,ItemCF,3,4472519,0.1429
65081,UserCF,1,4283481,1.206
65081,UserCF,2,4841375,0.6708
65081,UserCF,3,2253111,0.6667
65081,ItemCF,1,4283481,0.6532
65081,ItemCF,2,2297391,0.3266
65081,ItemCF,3,2518258,0.276
65082,UserCF,1,3237277,0.8165
65082,UserCF,2,1379885,0.7416
65082,UserCF,3,4216439,0.6405
65082,ItemCF,1,3656767,0.3638
65082,ItemCF,2,3528847,0.2425
65082,ItemCF,3,3202928,0.2425
65116,UserCF,1,207994,0.986
65116,UserCF,2,3820228,0.8944
65116,UserCF,3,59883,0.8536
65116,ItemCF,1,4312135,0.2041
65116,ItemCF,2,2688038,0.2041
65116,ItemCF,3,2973329,0.1925
65120,UserCF,1,694434,0.9608
65120,UserCF,2,3819019,0.9608
65120,UserCF,3,3783464,0.9305
65120,ItemCF,1,3819019,0.4729
65120,ItemCF,2,4109333,0.3094
65120,ItemCF,3,1501726,0.303
65261,UserCF,1,2167765,1.9916
65261,UserCF,2,3973743,0.7071
65261,UserCF,3,2236861,0.5774
65261,ItemCF,1,2167765,0.3419
65261,ItemCF,2,1734058,0.2673
65261,ItemCF,3,985089,0.2182
65274,UserCF,1,224998,0.6325
65274,UserCF,2,3244134,0.5
65274,UserCF,3,3587311,0.5
65274,ItemCF,1,1357737,0.3162
65274,ItemCF,2,224998,0.3086
65274,ItemCF,3,4888948,0.2887
65276,UserCF,1,3919004,0.9147
65276,UserCF,2,4103594,0.5443
65276,UserCF,3,2672612,0.5443
65276,ItemCF,1,3919004,0.9428
65276,ItemCF,2,4103594,0.4714
65276,ItemCF,3,2672612,0.4714
65295,UserCF,1,2115332,0.75
65295,UserCF,2,4472519,0.7071
65295,UserCF,3,2088555,0.7071
65295,ItemCF,1,2115332,0.5017
65295,ItemCF,2,4498633,0.3482
65295,ItemCF,3,3582521,0.3482
65346,UserCF,1,1962765,1.0791
65346,UserCF,2,181946,0.8162
65346,UserCF,3,3583335,0.686
65346,ItemCF,1,3451845,0.2004
65346,ItemCF,2,917581,0.189
65346,ItemCF,3,240527,0.189
65418,UserCF,1,4417392,0.4082
65418,UserCF,2,3095445,0.4082
65418,UserCF,3,730104,0.4082
65418,ItemCF,1,4417392,0.4472
65418,ItemCF,2,730104,0.2887
65418,ItemCF,3,1544934,0.2582
65430,UserCF,1,3748283,0.5477
65430,UserCF,2,3075936,0.5164
65430,UserCF,3,1194526,0.5164
65430,ItemCF,1,3748283,0.4201
65430,ItemCF,2,376751,0.3333
65430,ItemCF,3,3967106,0.2357
65532,UserCF,1,4224479,0.6708
65532,UserCF,2,3114069,0.5
65532,UserCF,3,4017221,0.5
65532,ItemCF,1,4224479,0.2727
65532,ItemCF,2,1398644,0.2041
65532,ItemCF,3,4017221,0.189
65587,UserCF,1,1913065,0.4804
65587,UserCF,2,3715112,0.4082
65587,UserCF,3,4196699,0.4082
65587,ItemCF,1,3839986,0.3333
65587,ItemCF,2,1145339,0.2182
65587,ItemCF,3,1913065,0.207
65618,UserCF,1,3360483,0.9472
65618,UserCF,2,2160443,0.8944
65618,UserCF,3,559897,0.8528
65618,ItemCF,1,559897,0.6455
65618,ItemCF,2,2160443,0.4472
65618,ItemCF,3,4988533,0.239
65638,UserCF,1,5118763,1.8974
65638,UserCF,2,3789325,0.6325
65638,UserCF,3,2331370,0.6325
65638,ItemCF,1,5118763,1.0392
65638,ItemCF,2,4805027,0.3618
65638,ItemCF,3,1639133,0.3266
65663,UserCF,1,5118763,1.0607
65663,UserCF,2,4525461,0.7071
65663,UserCF,3,652555,0.6325
65663,ItemCF,1,652555,0.5774
65663,ItemCF,2,5118763,0.5196
65663,ItemCF,3,2906408,0.3273
65665,UserCF,1,3468194,0.5
65665,UserCF,2,1951985,0.4082
65665,UserCF,3,1444258,0.4082
65665,ItemCF,1,3468194,0.25
65665,ItemCF,2,4225220,0.25
65665,ItemCF,3,29564,0.1667
65738,UserCF,1,3597425,0.8536
65738,UserCF,2,4777971,0.5
65738,UserCF,3,4946821,0.5
65738,ItemCF,1,742504,0.2887
65738,ItemCF,2,2228609,0.2041
65738,ItemCF,3,760983,0.2041
65951,UserCF,1,812879,0.9815
65951,UserCF,2,3159779,0.8182
65951,UserCF,3,2161188,0.8182
65951,ItemCF,1,3159779,0.6396
65951,ItemCF,2,3773953,0.4523
65951,ItemCF,3,2161188,0.4187
66391,UserCF,1,3240633,0.7071
66391,UserCF,2,912924,0.7071
66391,ItemCF,1,3240633,0.2357
66391,ItemCF,2,912924,0.2357
66408,UserCF,1,4487451,0.5164
66408,UserCF,2,2818406,0.4714
66408,UserCF,3,3368542,0.4082
66408,ItemCF,1,3368542,0.4472
66408,ItemCF,2,3253919,0.4472
66408,ItemCF,3,4487451,0.4264
66458,UserCF,1,3289795,0.9082
66458,UserCF,2,677642,0.6708
66458,UserCF,3,4508684,0.6708
66458,ItemCF,1,4508684,0.3721
66458,ItemCF,2,381194,0.3162
66458,ItemCF,3,4989871,0.2801
66600,UserCF,1,3634446,1.6641
66600,UserCF,2,1493627,1.1708
66600,UserCF,3,2279598,0.686
66600,ItemCF,1,3634446,0.313
66600,ItemCF,2,1493627,0.1929
66600,ItemCF,3,3330377,0.1782
66905,UserCF,1,3996355,1.4082
66905,UserCF,2,2859169,0.5
66905,UserCF,3,2236861,0.5
66905,ItemCF,1,3996355,0.3419
66905,ItemCF,2,3840775,0.3162
66905,ItemCF,3,2859169,0.3015
67018,UserCF,1,582354,0.7023
67018,UserCF,2,4650609,0.5774
67018,UserCF,3,2082073,0.5774
67018,ItemCF,1,4650609,0.6761
67018,ItemCF,2,248678,0.5345
67018,ItemCF,3,3150745,0.3015
67145,UserCF,1,186855,0.9487
67145,UserCF,2,4799727,0.7071
67145,UserCF,3,1770204,0.7071
67145,ItemCF,1,186855,0.2308
67145,ItemCF,2,4799727,0.1132
67145,ItemCF,3,1770204,0.0693
67160,UserCF,1,2116438,0.6708
67160,UserCF,2,4047445,0.6325
67160,UserCF,3,1275312,0.6208
67160,ItemCF,1,2116438,0.5
67160,ItemCF,2,1951858,0.4629
67160,ItemCF,3,159695,0.4009
67192,UserCF,1,4748383,0.5
67192,UserCF,2,2053106,0.5
67192,UserCF,3,448817,0.4082
67192,ItemCF,1,448817,0.4082
67192,ItemCF,2,421259,0.4082
67192,ItemCF,3,1271520,0.189
67199,UserCF,1,235572,0.2828
67199,UserCF,2,1553774,0.2236
67199,UserCF,3,4036678,0.1826
67199,ItemCF,1,235572,0.3536
67199,ItemCF,2,2663450,0.25
67199,ItemCF,3,4036678,0.2041
67267,UserCF,1,3246733,0.9533
67267,UserCF,2,2331370,0.9428
67267,UserCF,3,3844798,0.686
67267,ItemCF,1,1797702,0.2887
67267,ItemCF,2,675320,0.2582
67267,ItemCF,3,19459,0.2287
67365,UserCF,1,1672333,0.8165
67365,UserCF,2,4188223,0.7071
67365,UserCF,3,1907925,0.7071
67365,ItemCF,1,4953300,0.4082
67365,ItemCF,2,1672333,0.3849
67365,ItemCF,3,3950315,0.2357
67491,UserCF,1,1783407,0.8165
67491,UserCF,2,1434990,0.5477
67491,UserCF,3,829406,0.5443
67491,ItemCF,1,829406,0.4
67491,ItemCF,2,1783407,0.3849
67491,ItemCF,3,2794495,0.3536
67809,UserCF,1,4839658,0.7804
67809,UserCF,2,344968,0.7235
67809,UserCF,3,2469337,0.6598
67809,ItemCF,1,2469337,0.4326
67809,ItemCF,2,191131,0.4264
67809,ItemCF,3,3104240,0.3381
68016,UserCF,1,3977352,1.46
68016,UserCF,2,1886236,0.7041
68016,UserCF,3,1419997,0.6708
68016,ItemCF,1,3977352,0.6068
68016,ItemCF,2,1419997,0.3693
68016,ItemCF,3,1632371,0.3198
68060,UserCF,1,1182310,0.836
68060,UserCF,2,4876800,0.6667
68060,UserCF,3,3443485,0.5
68060,ItemCF,1,1182310,0.4781
68060,ItemCF,2,3692526,0.2582
68060,ItemCF,3,58511,0.2236
68070,UserCF,1,3005342,0.9412
68070,UserCF,2,359229,0.686
68070,UserCF,3,353862,0.686
68070,ItemCF,1,3005342,0.746
68070,ItemCF,2,359229,0.6325
68070,ItemCF,3,353862,0.6325
68147,UserCF,1,781936,1.0203
68147,UserCF,2,2922853,0.6944
68147,UserCF,3,999828,0.6944
68147,ItemCF,1,999828,0.4009
68147,ItemCF,2,2922853,0.3803
68147,ItemCF,3,4654136,0.378
68227,UserCF,1,2156592,0.7895
68227,UserCF,2,194421,0.7895
68227,UserCF,3,4777442,0.7127
68227,ItemCF,1,3805780,0.5835
68227,ItemCF,2,2156592,0.5835
68227,ItemCF,3,4777442,0.5835
68344,UserCF,1,1871695,0.9082
68344,UserCF,2,2099112,0.8944
68344,UserCF,3,4157274,0.6708
68344,ItemCF,1,4157274,0.3198
68344,ItemCF,2,4699951,0.3015
68344,ItemCF,3,4611207,0.2582
68374,UserCF,1,3840397,0.8333
68374,UserCF,2,1274069,0.7386
68374,UserCF,3,4793966,0.6969
68374,ItemCF,1,1196202,0.2582
68374,ItemCF,2,5088787,0.2535
68374,ItemCF,3,1596089,0.2357
68855,UserCF,1,530918,0.9487
68855,UserCF,2,711824,0.9045
68855,UserCF,3,694434,0.9045
68855,ItemCF,1,1668747,0.2236
68855,ItemCF,2,530918,0.207
68855,ItemCF,3,711824,0.1936
68859,UserCF,1,700601,0.6325
68859,UserCF,2,2766118,0.5
68859,UserCF,3,4578250,0.4082
68859,ItemCF,1,1494026,0.3162
68859,ItemCF,2,4997967,0.2236
68859,ItemCF,3,4358137,0.2
68921,UserCF,1,5063168,0.6708
68921,UserCF,2,3562114,0.5
68921,UserCF,3,1153773,0.5
68921,ItemCF,1,5063168,0.3397
68921,ItemCF,2,3562114,0.1078
68921,ItemCF,3,1153773,0.0925
68963,UserCF,1,3048067,0.8556
68963,UserCF,2,2279428,0.8497
68963,UserCF,3,185319,0.5477
68963,ItemCF,1,2781924,0.378
68963,ItemCF,2,4130380,0.3062
68963,ItemCF,3,1844053,0.2928
68972,UserCF,1,469421,0.9204
68972,UserCF,2,4110678,0.686
68972,UserCF,3,4945338,0.686
68972,ItemCF,1,469421,0.6255
68972,ItemCF,2,4945338,0.5898
68972,ItemCF,3,439480,0.5898
69042,UserCF,1,4015620,0.4743
69042,UserCF,2,3070037,0.4743
69042,UserCF,3,2418104,0.3536
69042,ItemCF,1,312026,0.3015
69042,ItemCF,2,4738308,0.2887
69042,ItemCF,3,3070037,0.2774
69056,UserCF,1,4755305,0.5
69056,UserCF,2,3869296,0.5
69056,UserCF,3,3048067,0.4082
69056,ItemCF,1,4755305,0.2887
69056,ItemCF,2,3048067,0.2357
69056,ItemCF,3,4794129,0.2041
69142,UserCF,1,3138292,0.7071
69142,UserCF,2,3781384,0.7071
69142,UserCF,3,4261334,0.7071
69142,ItemCF,1,3138292,0.2582
69142,ItemCF,2,3781384,0.2
69142,ItemCF,3,4192761,0.1826
69173,UserCF,1,4261030,0.1213
69173,UserCF,2,2288408,0.1213
69173,UserCF,3,1550635,0.1213
69173,ItemCF,1,92873,0.2887
69173,ItemCF,2,2288408,0.2182
69173,ItemCF,3,4261030,0.1543
69192,UserCF,1,3011437,0.8162
69192,UserCF,2,4013001,0.6708
69192,UserCF,3,5128095,0.6396
69192,ItemCF,1,4013001,0.2847
69192,ItemCF,2,1077547,0.2828
69192,ItemCF,3,2688038,0.2466
69390,UserCF,1,4836904,0.9045
69390,UserCF,2,3529591,0.8944
69390,UserCF,3,4457558,0.7071
69390,ItemCF,1,4836904,0.5941
69390,ItemCF,2,585565,0.4082
69390,ItemCF,3,4457558,0.3651
69507,UserCF,1,1234475,1.1921
69507,UserCF,2,3335233,1.0
69507,UserCF,3,974892,1.0
69507,ItemCF,1,974892,0.5196
69507,ItemCF,2,3335233,0.4743
69507,ItemCF,3,1234475,0.3586
69579,UserCF,1,329504,0.8216
69579,UserCF,2,4099753,0.5477
69579,UserCF,3,2672014,0.5477
69579,ItemCF,1,329504,0.4523
69579,ItemCF,2,2672014,0.433
69579,ItemCF,3,2271360,0.433
69909,UserCF,1,3677861,1.0954
69909,UserCF,2,3770040,0.8581
69909,UserCF,3,4853625,0.6708
69909,ItemCF,1,3770040,0.6708
69909,ItemCF,2,2517769,0.4714
69909,ItemCF,3,3612985,0.4472
69917,UserCF,1,3014920,1.2247
69917,UserCF,2,4515264,0.5443
69917,UserCF,3,1290949,0.5164
69917,ItemCF,1,3014920,0.7526
69917,ItemCF,2,3352155,0.2857
69917,ItemCF,3,1245881,0.2857
70125,UserCF,1,2338453,1.3333
70125,UserCF,2,4952541,1.2845
70125,UserCF,3,4781883,0.9487
70125,ItemCF,1,4082554,0.2673
70125,ItemCF,2,825932,0.1793
70125,ItemCF,3,4781883,0.1209
70301,UserCF,1,3198981,0.5
70301,UserCF,2,2593299,0.5
70301,UserCF,3,4539052,0.5
70301,ItemCF,1,1268092,0.25
70301,ItemCF,2,4872601,0.1826
70301,ItemCF,3,2512204,0.1826
70345,UserCF,1,3172018,0.7673
70345,UserCF,2,650719,0.7673
70345,UserCF,3,2331370,0.6708
70345,ItemCF,1,4000427,0.433
70345,ItemCF,2,650719,0.2846
70345,ItemCF,3,3074497,0.2372
70379,UserCF,1,3039126,0.6708
70379,UserCF,2,3848072,0.5
70379,UserCF,3,2567424,0.5
70379,ItemCF,1,3039126,0.9045
70379,ItemCF,2,4415105,0.3333
70379,ItemCF,3,1288796,0.1925
70395,UserCF,1,2459513,0.7171
70395,UserCF,2,3878908,0.6708
70395,UserCF,3,4923076,0.6708
70395,ItemCF,1,2459513,0.8321
70395,ItemCF,2,1144343,0.5883
70395,ItemCF,3,3878908,0.2942
70476,UserCF,1,1325982,0.7606
70476,UserCF,2,3163923,0.6429
70476,UserCF,3,1631329,0.6429
70476,ItemCF,1,3163923,0.5692
70476,ItemCF,2,1325982,0.5669
70476,ItemCF,3,1631329,0.4366
70504,UserCF,1,1850378,0.6708
70504,UserCF,2,2789215,0.6396
70504,UserCF,3,4032149,0.6396
70504,ItemCF,1,3423603,0.2462
70504,ItemCF,2,1850378,0.2335
70504,ItemCF,3,4457558,0.2
70532,UserCF,1,2366014,0.5477
70532,UserCF,2,342787,0.5222
70532,UserCF,3,1206898,0.5164
70532,ItemCF,1,1206898,0.3536
70532,ItemCF,2,2366014,0.3062
70532,ItemCF,3,342787,0.3062
70537,UserCF,1,3990990,0.971
70537,UserCF,2,2857790,0.6761
70537,UserCF,3,3388188,0.6761
70537,ItemCF,1,1871369,0.3658
70537,ItemCF,2,3388188,0.3381
70537,ItemCF,3,2857790,0.3223
70622,UserCF,1,1962765,2.3018
70622,UserCF,2,4641554,1.423
70622,UserCF,3,1037004,1.0
70622,ItemCF,1,5009650,0.276
70622,ItemCF,2,2527612,0.2673
70622,ItemCF,3,4641554,0.2402
70688,UserCF,1,4523651,1.1039
70688,UserCF,2,4211339,0.8936
70688,UserCF,3,3529591,0.6396
70688,ItemCF,1,4523651,0.2638
70688,ItemCF,2,4245608,0.189
70688,ItemCF,3,3734950,0.169
70828,UserCF,1,128495,0.7623
70828,UserCF,2,4649427,0.7207
70828,UserCF,3,689293,0.6325
70828,ItemCF,1,4745468,0.5345
70828,ItemCF,2,4085561,0.4364
70828,ItemCF,3,764155,0.378
70986,UserCF,1,884137,0.7071
70986,UserCF,2,660318,0.7071
70986,ItemCF,1,884137,0.2887
70986,ItemCF,2,660318,0.2182
71030,UserCF,1,17779,0.7746
71030,UserCF,2,1914242,0.6708
71030,UserCF,3,1346814,0.6708
71030,ItemCF,1,1914242,0.4423
71030,ItemCF,2,310737,0.4423
71030,ItemCF,3,4829052,0.4082
71050,UserCF,1,2113845,1.423
71050,UserCF,2,158169,1.1339
71050,UserCF,3,87843,0.7243
71050,ItemCF,1,2973392,0.3062
71050,ItemCF,2,158169,0.3038
71050,ItemCF,3,2113845,0.2724
71061,UserCF,1,3716622,1.0791
71061,UserCF,2,3877972,0.8165
71061,UserCF,3,2688385,0.6708
71061,ItemCF,1,3716622,0.2625
71061,ItemCF,2,362029,0.2041
71061,ItemCF,3,1844053,0.1826
71092,UserCF,1,2077361,1.1667
71092,UserCF,2,3562114,0.8165
71092,UserCF,3,4216188,0.7618
71092,ItemCF,1,2077361,0.4564
71092,ItemCF,2,596787,0.4472
71092,ItemCF,3,3659020,0.3651
71117,UserCF,1,2102225,0.9487
71117,UserCF,2,3389952,0.9428
71117,UserCF,3,2077361,0.9428
71117,ItemCF,1,2102225,0.2887
71117,ItemCF,2,2077361,0.2222
71117,ItemCF,3,3389952,0.1925
71121,UserCF,1,3403702,0.6325
71121,UserCF,2,1533555,0.6325
71121,UserCF,3,2399047,0.5164
71121,ItemCF,1,2399047,0.3381
71121,ItemCF,2,1533555,0.3381
71121,ItemCF,3,3403702,0.3086
71273,UserCF,1,1556835,0.686
71273,UserCF,2,4826576,0.6708
71273,UserCF,3,4531940,0.6489
71273,ItemCF,1,1556835,0.6963
71273,ItemCF,2,2381943,0.2236
71273,ItemCF,3,3441672,0.2
71339,UserCF,1,876411,0.6325
71339,UserCF,2,862659,0.3162
71339,ItemCF,1,876411,0.3651
71339,ItemCF,2,862659,0.2673
71355,UserCF,1,3783464,1.5479
71355,UserCF,2,3529591,0.9558
71355,UserCF,3,812879,0.9082
71355,ItemCF,1,4109333,0.3094
71355,ItemCF,2,706061,0.2357
71355,ItemCF,3,2174346,0.1847
71395,UserCF,1,1073622,0.8485
71395,UserCF,2,2899794,0.4
71395,UserCF,3,4253629,0.2582
71395,ItemCF,1,1073622,0.5883
71395,ItemCF,2,2996051,0.3162
71395,ItemCF,3,2899794,0.2697
71453,UserCF,1,3209415,0.9082
71453,UserCF,2,5092508,0.686
71453,UserCF,3,3892770,0.6708
71453,ItemCF,1,1306808,0.1768
71453,ItemCF,2,4531940,0.1581
71453,ItemCF,3,5092508,0.1543
71482,UserCF,1,3461635,0.9082
71482,UserCF,2,3395871,0.686
71482,UserCF,3,3836557,0.5883
71482,ItemCF,1,3461635,0.4082
71482,ItemCF,2,3395871,0.2333
71482,ItemCF,3,65132,0.207
71557,UserCF,1,5133563,0.6708
71557,UserCF,2,194421,0.6708
71557,UserCF,3,4954999,0.6396
71557,ItemCF,1,5133563,0.297
71557,ItemCF,2,4840722,0.2041
71557,ItemCF,3,3727905,0.1698
71608,UserCF,1,3791340,0.6325
71608,UserCF,2,3920968,0.5
71608,UserCF,3,1792048,0.5
71608,ItemCF,1,3791340,0.2857
71608,ItemCF,2,4457558,0.2
71608,ItemCF,3,1792048,0.189
71665,UserCF,1,3367369,0.5
71665,UserCF,2,2995852,0.5
71665,UserCF,3,4535021,0.5
71665,ItemCF,1,860065,0.3162
71665,ItemCF,2,760403,0.3162
71665,ItemCF,3,3681677,0.2582
71985,UserCF,1,5062984,1.919
71985,UserCF,2,5051027,1.4718
71985,UserCF,3,1813380,0.9487
71985,ItemCF,1,1813380,0.2611
71985,ItemCF,2,2779262,0.2132
71985,ItemCF,3,4610151,0.1508
72017,UserCF,1,4569272,0.5774
72017,UserCF,2,3327797,0.5774
72017,UserCF,3,2199057,0.5774
72017,ItemCF,1,1447842,0.5345
72017,ItemCF,2,2199057,0.378
72017,ItemCF,3,1334460,0.378
72033,UserCF,1,1048127,0.9487
72033,UserCF,2,3574445,0.9045
72033,UserCF,3,1732495,0.9045
72033,ItemCF,1,3574445,0.4629
72033,ItemCF,2,1732495,0.2673
72033,ItemCF,3,799466,0.1543
72151,UserCF,1,47344,0.5
72151,UserCF,2,3142142,0.5
72151,UserCF,3,2811801,0.5
72151,ItemCF,1,2811801,0.2673
72151,ItemCF,2,47344,0.25
72151,ItemCF,3,2411774,0.25
72204,UserCF,1,4863117,0.5
72204,UserCF,2,2332261,0.5
72204,UserCF,3,247914,0.5
72204,ItemCF,1,4863117,0.3162
72204,ItemCF,2,1950403,0.3162
72204,ItemCF,3,2332261,0.2357
72252,UserCF,1,2077131,0.8485
72252,UserCF,2,3384079,0.7303
72252,UserCF,3,3750025,0.7303
72252,ItemCF,1,2077131,0.7947
72252,ItemCF,2,3384079,0.4104
72252,ItemCF,3,1735648,0.3746
72313,UserCF,1,2642113,0.6708
72313,UserCF,2,3339954,0.6325
72313,UserCF,3,3820228,0.5
72313,ItemCF,1,3339954,0.2828
72313,ItemCF,2,2642113,0.1936
72313,ItemCF,3,2535046,0.1826
72509,UserCF,1,4515398,0.686
72509,UserCF,2,469421,0.6708
72509,UserCF,3,4945338,0.5
72509,ItemCF,1,4515398,0.3152
72509,ItemCF,2,3746040,0.2182
72509,ItemCF,3,469421,0.1564
72696,UserCF,1,3939946,0.5774
72696,UserCF,2,2250189,0.4743
72696,UserCF,3,4678243,0.4523
72696,ItemCF,1,3939946,0.3476
72696,ItemCF,2,4692332,0.3162
72696,ItemCF,3,3947413,0.239
72733,UserCF,1,1976809,1.0774
72733,UserCF,2,710777,0.8165
72733,UserCF,3,2948329,0.6708
72733,ItemCF,1,1976809,0.2893
72733,ItemCF,2,830474,0.1715
72733,ItemCF,3,481669,0.1667
72782,UserCF,1,2779262,1.423
72782,UserCF,2,4971547,1.2247
72782,UserCF,3,3246733,1.2247
72782,ItemCF,1,2779262,0.6255
72782,ItemCF,2,4095663,0.5963
72782,ItemCF,3,4971547,0.5016
72789,UserCF,1,2402985,0.6325
72789,UserCF,2,4484681,0.5
72789,UserCF,3,4584714,0.5
72789,ItemCF,1,4484681,0.2887
72789,ItemCF,2,2402985,0.2722
72789,ItemCF,3,665847,0.25
72800,UserCF,1,4839658,1.3765
72800,UserCF,2,4807195,0.6667
72800,UserCF,3,4233504,0.6325
72800,ItemCF,1,4839658,0.5727
72800,ItemCF,2,1177305,0.416
72800,ItemCF,3,1820860,0.416
72890,UserCF,1,2739898,0.6396
72890,UserCF,2,4414849,0.5
72890,UserCF,3,3523692,0.4082
72890,ItemCF,1,1882084,0.5
72890,ItemCF,2,2739898,0.3536
72890,ItemCF,3,4712343,0.3333
73060,UserCF,1,2667082,0.6708
73060,UserCF,2,2152786,0.6325
73060,UserCF,3,2597539,0.5
73060,ItemCF,1,1499183,0.2582
73060,ItemCF,2,2656847,0.189
73060,ItemCF,3,2667082,0.1839
73113,UserCF,1,2324443,0.5345
73113,UserCF,2,3032429,0.5
73113,UserCF,3,3981393,0.5
73113,ItemCF,1,4337209,0.3536
73113,ItemCF,2,2811801,0.3536
73113,ItemCF,3,3434248,0.3354
73126,UserCF,1,1108311,0.6325
73126,UserCF,2,1205907,0.5883
73126,UserCF,3,59883,0.5345
73126,ItemCF,1,1205907,0.3693
73126,ItemCF,2,3137405,0.2887
73126,ItemCF,3,4907318,0.2357
73160,UserCF,1,3148330,0.4082
73160,UserCF,2,3999325,0.4082
73160,UserCF,3,3868165,0.4082
73160,ItemCF,1,3999325,0.5
73160,ItemCF,2,1676629,0.25
73160,ItemCF,3,1120825,0.2236
73215,UserCF,1,5069556,1.1498
73215,UserCF,2,4443059,0.5477
73215,UserCF,3,1871695,0.5477
73215,ItemCF,1,5069556,0.3976
73215,ItemCF,2,799466,0.25
73215,ItemCF,3,3711309,0.2372
73350,UserCF,1,4544013,0.5
73350,UserCF,2,2384772,0.4082
73350,UserCF,3,344968,0.4082
73350,ItemCF,1,344968,0.1361
73350,ItemCF,2,4544013,0.1111
73350,ItemCF,3,2384772,0.087
73357,UserCF,1,2908101,0.5
73357,UserCF,2,3147743,0.5
73357,UserCF,3,2108905,0.5
73357,ItemCF,1,1708426,0.3536
73357,ItemCF,2,3147743,0.3162
73357,ItemCF,3,2908101,0.2887
73368,UserCF,1,3783464,1.4415
73368,UserCF,2,3529591,1.209
73368,UserCF,3,812879,1.1489
73368,ItemCF,1,4109333,0.6189
73368,ItemCF,2,2145544,0.2917
73368,ItemCF,3,4666267,0.2917
73369,UserCF,1,1720105,1.1708
73369,UserCF,2,3452114,0.6325
73369,UserCF,3,1044710,0.6325
73369,ItemCF,1,3686026,0.3333
73369,ItemCF,2,1720105,0.2965
73369,ItemCF,3,1044710,0.2182
73404,UserCF,1,685142,1.5
73404,UserCF,2,2408458,0.9082
73404,UserCF,3,3624285,0.686
73404,ItemCF,1,685142,1.019
73404,ItemCF,2,4954609,0.4447
73404,ItemCF,3,1678519,0.3805
73427,UserCF,1,4233504,0.8536
73427,UserCF,2,4849100,0.6325
73427,UserCF,3,157307,0.6325
73427,ItemCF,1,4849100,0.2582
73427,ItemCF,2,4953300,0.2041
73427,ItemCF,3,157307,0.2
73724,UserCF,1,3485136,1.8914
73724,UserCF,2,3004746,1.6145
73724,UserCF,3,3685477,0.9078
73724,ItemCF,1,3685477,0.4351
73724,ItemCF,2,4544013,0.3849
73724,ItemCF,3,4534911,0.3536
73747,UserCF,1,3711309,0.8485
73747,UserCF,2,2900535,0.6508
73747,UserCF,3,3652676,0.6325
73747,ItemCF,1,2900535,0.4615
73747,ItemCF,2,1004961,0.4193
73747,ItemCF,3,3711309,0.3721
73780,UserCF,1,686015,0.6708
73780,UserCF,2,240527,0.6124
73780,UserCF,3,158929,0.6124
73780,ItemCF,1,84691,0.2449
73780,ItemCF,2,3780669,0.2236
73780,ItemCF,3,3451845,0.2004
73810,UserCF,1,1632312,0.9701
73810,UserCF,2,4684146,0.9487
73810,UserCF,3,407583,0.8321
73810,ItemCF,1,1632312,0.6156
73810,ItemCF,2,407583,0.5162
73810,ItemCF,3,4684146,0.4737
73926,UserCF,1,4988981,0.6708
73926,UserCF,2,3608090,0.6396
73926,UserCF,3,2353009,0.5
73926,ItemCF,1,4988981,0.3273
73926,ItemCF,2,1903537,0.2004
73926,ItemCF,3,3608090,0.1945
73995,UserCF,1,1962765,2.3018
73995,UserCF,2,4641554,1.423
73995,UserCF,3,2564626,1.0
73995,ItemCF,1,3055444,0.3536
73995,ItemCF,2,4641554,0.2402
73995,ItemCF,3,5157479,0.1667
74008,UserCF,1,1008144,0.6708
74008,UserCF,2,5006577,0.5883
74008,UserCF,3,4189993,0.5
74008,ItemCF,1,4189993,0.4472
74008,ItemCF,2,5006577,0.3162
74008,ItemCF,3,1008144,0.2425
74139,UserCF,1,4113687,1.1339
74139,UserCF,2,4263070,0.5164
74139,UserCF,3,2099112,0.4939
74139,ItemCF,1,4113687,0.6923
74139,ItemCF,2,2036861,0.3333
74139,ItemCF,3,2530033,0.3145
74202,UserCF,1,4488087,0.9412
74202,UserCF,2,477044,0.9204
74202,UserCF,3,987143,0.686
74202,ItemCF,1,4488087,0.6426
74202,ItemCF,2,477044,0.576
74202,ItemCF,3,3065098,0.508
74205,UserCF,1,1449269,1.0
74205,UserCF,2,2829056,0.5
74205,UserCF,3,207788,0.5
74205,ItemCF,1,207788,0.25
74205,ItemCF,2,11531,0.2041
74205,ItemCF,3,1449269,0.1961
74256,UserCF,1,4443059,0.7243
74256,UserCF,2,3031354,0.5
74256,UserCF,3,401234,0.5
74256,ItemCF,1,2113845,0.4009
74256,ItemCF,2,4772038,0.25
74256,ItemCF,3,4443059,0.2265
74289,UserCF,1,1818928,0.9204
74289,UserCF,2,4016601,0.2301
74289,UserCF,3,3582893,0.1715
74289,ItemCF,1,1818928,0.6
74289,ItemCF,2,4016601,0.3873
74289,ItemCF,3,482723,0.3162
74451,UserCF,1,2216680,0.6396
74451,UserCF,2,999828,0.6396
74451,UserCF,3,4530507,0.2132
74451,ItemCF,1,121862,0.5
74451,ItemCF,2,2652265,0.3536
74451,ItemCF,3,646444,0.2887
74629,UserCF,1,2152786,0.8485
74629,UserCF,2,2656847,0.6708
74629,UserCF,3,2597539,0.6708
74629,ItemCF,1,2656847,0.5669
74629,ItemCF,2,1520281,0.4629
74629,ItemCF,3,2152786,0.4286
74722,UserCF,1,3977352,1.9588
74722,UserCF,2,4450440,0.8216
74722,UserCF,3,3881141,0.6708
74722,ItemCF,1,3977352,1.8203
74722,ItemCF,2,1632371,0.9594
74722,ItemCF,3,2378296,0.4472
74919,UserCF,1,3095445,0.7071
74919,UserCF,2,1816320,0.5774
74919,UserCF,3,1227141,0.5774
74919,ItemCF,1,2672612,0.4588
74919,ItemCF,2,1816320,0.4104
74919,ItemCF,3,4465174,0.3746
75075,UserCF,1,2353009,0.6396
75075,UserCF,2,571660,0.6396
75075,UserCF,3,3077270,0.5
75075,ItemCF,1,3193375,0.2887
75075,ItemCF,2,571660,0.2236
75075,ItemCF,3,4714261,0.2182
75087,UserCF,1,2331370,0.6708
75087,UserCF,2,4923076,0.6325
75087,UserCF,3,4988533,0.5
75087,ItemCF,1,1893973,0.2236
75087,ItemCF,2,1220546,0.2
75087,ItemCF,3,4923076,0.1826
75124,UserCF,1,72977,0.5547
75124,UserCF,2,4698996,0.5
75124,UserCF,3,2833074,0.5
75124,ItemCF,1,72977,0.4714
75124,ItemCF,2,3018564,0.3536
75124,ItemCF,3,4640911,0.3536
75190,UserCF,1,1257288,1.9082
75190,UserCF,2,104735,0.6667
75190,UserCF,3,860065,0.5
75190,ItemCF,1,1257288,0.8006
75190,ItemCF,2,4816558,0.2887
75190,ItemCF,3,104735,0.2887
75255,UserCF,1,2210978,0.6708
75255,UserCF,2,213748,0.6708
75255,UserCF,3,2971467,0.5477
75255,ItemCF,1,2210978,0.5883
75255,ItemCF,2,1928591,0.4804
75255,ItemCF,3,1479532,0.4804
75354,UserCF,1,4020503,0.5601
75354,UserCF,2,4620408,0.4082
75354,UserCF,3,3201244,0.4082
75354,ItemCF,1,4020503,0.4472
75354,ItemCF,2,2403812,0.2887
75354,ItemCF,3,2561610,0.25
75372,UserCF,1,2217078,1.0
75372,UserCF,2,3752657,0.6708
75372,UserCF,3,4975009,0.6124
75372,ItemCF,1,3752657,0.416
75372,ItemCF,2,2217078,0.3143
75372,ItemCF,3,4975009,0.1768
75388,UserCF,1,3063357,0.9204
75388,UserCF,2,812879,0.9204
75388,UserCF,3,4007568,0.4851
75388,ItemCF,1,3063357,0.5203
75388,ItemCF,2,4007568,0.4364
75388,ItemCF,3,4435587,0.3162
75390,UserCF,1,1340770,0.6422
75390,UserCF,2,1683212,0.4523
75390,UserCF,3,1613031,0.4082
75390,ItemCF,1,2652265,0.3536
75390,ItemCF,2,1683212,0.3198
75390,ItemCF,3,1613031,0.3162
75484,UserCF,1,56037,0.9701
75484,UserCF,2,4192761,0.9045
75484,UserCF,3,1036148,0.9045
75484,ItemCF,1,4192761,0.2611
75484,ItemCF,2,2965545,0.2132
75484,ItemCF,3,791288,0.1286
75616,UserCF,1,2596222,1.5479
75616,UserCF,2,4954999,0.6708
75616,UserCF,3,2601044,0.6396
75616,ItemCF,1,2596222,0.7001
75616,ItemCF,2,1819353,0.5
75616,ItemCF,3,447009,0.5
75657,UserCF,1,3002644,0.6325
75657,UserCF,2,4532960,0.5
75657,UserCF,3,3441672,0.5
75657,ItemCF,1,2381943,0.2236
75657,ItemCF,2,3441672,0.2
75657,ItemCF,3,3002644,0.1961
75696,UserCF,1,303311,1.6971
75696,UserCF,2,566618,0.6667
75696,UserCF,3,4397300,0.6396
75696,ItemCF,1,303311,0.4949
75696,ItemCF,2,1282885,0.3273
75696,ItemCF,3,566618,0.3086
75745,UserCF,1,3632268,0.6396
75745,UserCF,2,1169462,0.6124
75745,UserCF,3,4301452,0.5774
75745,ItemCF,1,1169462,0.3536
75745,ItemCF,2,3632268,0.3062
75745,ItemCF,3,4301452,0.2357
75822,UserCF,1,999828,1.2027
75822,UserCF,2,105055,1.2027
75822,UserCF,3,3892770,0.6325
75822,ItemCF,1,999828,0.4743
75822,ItemCF,2,105055,0.3803
75822,ItemCF,3,1447416,0.3162
75826,UserCF,1,3906819,0.2236
75826,UserCF,2,3810981,0.2236
75826,UserCF,3,2560262,0.2236
75826,ItemCF,1,1288796,0.126
75826,ItemCF,2,5119968,0.114
75826,ItemCF,3,1490926,0.114
75966,UserCF,1,2099112,1.1543
75966,UserCF,2,3159978,0.9487
75966,UserCF,3,2204577,0.9045
75966,ItemCF,1,3159978,0.5303
75966,ItemCF,2,3575048,0.4082
75966,ItemCF,3,2609780,0.3922
76103,UserCF,1,1282510,0.686
76103,UserCF,2,705200,0.6708
76103,UserCF,3,4360829,0.5
76103,ItemCF,1,2484289,0.25
76103,ItemCF,2,1282510,0.2052
76103,ItemCF,3,4360829,0.1768
76367,UserCF,1,284834,0.8485
76367,UserCF,2,1357879,0.809
76367,UserCF,3,4225220,0.4472
76367,ItemCF,1,1357879,0.629
76367,ItemCF,2,284834,0.5855
76367,ItemCF,3,172999,0.4364
76604,UserCF,1,1319790,0.7071
76604,ItemCF,1,1319790,0.5164
76714,UserCF,1,3150660,0.5
76714,UserCF,2,3803465,0.5
76714,UserCF,3,2733374,0.5
76714,ItemCF,1,3851817,0.2887
76714,ItemCF,2,4714272,0.2582
76714,ItemCF,3,2775696,0.2041
76985,UserCF,1,2783905,1.2845
76985,UserCF,2,2529069,0.9487
76985,UserCF,3,181946,0.8944
76985,ItemCF,1,2529069,0.6794
76985,ItemCF,2,1773676,0.3203
76985,ItemCF,3,4809620,0.2774
77051,UserCF,1,1469909,0.7698
77051,UserCF,2,145860,0.622
77051,UserCF,3,2667139,0.4714
77051,ItemCF,1,924090,0.378
77051,ItemCF,2,1469909,0.3234
77051,ItemCF,3,2381943,0.2236
77117,UserCF,1,2983777,0.6325
77117,UserCF,2,4702391,0.5
77117,UserCF,3,4787364,0.5
77117,ItemCF,1,2983777,0.5774
77117,ItemCF,2,4702391,0.2182
77117,ItemCF,3,4338890,0.2182
77228,UserCF,1,3739420,0.5
77228,UserCF,2,2846737,0.5
77228,UserCF,3,4939602,0.5
77228,ItemCF,1,1766978,0.2673
77228,ItemCF,2,2971467,0.2236
77228,ItemCF,3,649789,0.2182
77296,UserCF,1,2504546,0.8485
77296,UserCF,2,2444790,0.7746
77296,UserCF,3,1056840,0.7303
77296,ItemCF,1,2504546,0.5203
77296,ItemCF,2,1056840,0.3468
77296,ItemCF,3,2444790,0.3244
77311,UserCF,1,2593299,0.5
77311,UserCF,2,4531940,0.5
77311,UserCF,3,4673589,0.5
77311,ItemCF,1,121862,0.5
77311,ItemCF,2,646444,0.2887
77311,ItemCF,3,2393824,0.25
77377,UserCF,1,890126,1.3165
77377,UserCF,2,3937204,0.864
77377,UserCF,3,3727905,0.7618
77377,ItemCF,1,2216680,0.3203
77377,ItemCF,2,2243483,0.2041
77377,ItemCF,3,5024842,0.1857
77878,UserCF,1,3388117,0.6708
77878,UserCF,2,2973853,0.6396
77878,UserCF,3,3169413,0.5
77878,ItemCF,1,287217,0.4472
77878,ItemCF,2,3388117,0.303
77878,ItemCF,3,2973853,0.2535
78005,UserCF,1,3031354,0.7385
78005,UserCF,2,2077361,0.6206
78005,UserCF,3,4954999,0.5244
78005,ItemCF,1,3659020,0.3574
78005,ItemCF,2,1278847,0.3464
78005,ItemCF,3,3031354,0.3295
78020,UserCF,1,2948329,1.0222
78020,UserCF,2,1275702,0.7887
78020,UserCF,3,1898852,0.5222
78020,ItemCF,1,1898852,0.2535
78020,ItemCF,2,1275702,0.244
78020,ItemCF,3,11531,0.2182
78044,UserCF,1,3550596,0.6708
78044,UserCF,2,3973743,0.6708
78044,UserCF,3,4092373,0.5217
78044,ItemCF,1,4092373,0.4564
78044,ItemCF,2,596787,0.4082
78044,ItemCF,3,3550596,0.4045
78078,UserCF,1,3749068,0.5
78078,UserCF,2,4262924,0.5
78078,UserCF,3,895163,0.5
78078,ItemCF,1,3849143,0.4472
78078,ItemCF,2,4203411,0.25
78078,ItemCF,3,4732301,0.25
78207,UserCF,1,1989476,0.5744
78207,UserCF,2,3634446,0.4243
78207,UserCF,3,4889455,0.4243
78207,ItemCF,1,2271370,0.3873
78207,ItemCF,2,2887571,0.3273
78207,ItemCF,3,4628875,0.3162
78249,UserCF,1,3869296,0.6708
78249,UserCF,2,779670,0.6396
78249,UserCF,3,4999809,0.5
78249,ItemCF,1,3869296,0.2739
78249,ItemCF,2,704551,0.2041
78249,ItemCF,3,1307281,0.189
78351,UserCF,1,4099753,0.686
78351,UserCF,2,2642981,0.5
78351,UserCF,3,4714272,0.4082
78351,ItemCF,1,4099753,0.3667
78351,ItemCF,2,2881695,0.3536
78351,ItemCF,3,3852566,0.2887
78359,UserCF,1,1716379,1.1339
78359,UserCF,2,2741706,0.6708
78359,UserCF,3,1939962,0.5
78359,ItemCF,1,1716379,0.4
78359,ItemCF,2,2741706,0.2928
78359,ItemCF,3,402163,0.1491
78619,UserCF,1,2776148,0.6708
78619,UserCF,2,1894664,0.5774
78619,UserCF,3,385643,0.5774
78619,ItemCF,1,2229603,0.252
78619,ItemCF,2,2776148,0.2417
78619,ItemCF,3,1761871,0.189
78766,UserCF,1,2526286,1.5
78766,UserCF,2,4168531,0.5
78766,UserCF,3,2834927,0.5
78766,ItemCF,1,2526286,0.8018
78766,ItemCF,2,3012260,0.3638
78766,ItemCF,3,3727905,0.2942
78767,UserCF,1,823860,0.686
78767,UserCF,2,2105771,0.5
78767,UserCF,3,4714272,0.4082
78767,ItemCF,1,823860,0.6667
78767,ItemCF,2,4714272,0.2582
78767,ItemCF,3,2105771,0.2357
78805,UserCF,1,1248649,0.9082
78805,UserCF,2,223790,0.8536
78805,UserCF,3,1343119,0.6708
78805,ItemCF,1,1343119,0.3062
78805,ItemCF,2,2459513,0.25
78805,ItemCF,3,2056860,0.25
78861,UserCF,1,2453685,1.5407
78861,UserCF,2,3848072,0.6708
78861,UserCF,3,2263630,0.6708
78861,ItemCF,1,181912,0.2887
78861,ItemCF,2,1783990,0.2417
78861,ItemCF,3,3848072,0.2194
78911,UserCF,1,2466955,0.6124
78911,UserCF,2,3712542,0.6124
78911,UserCF,3,386100,0.6124
78911,ItemCF,1,1419624,0.5883
78911,ItemCF,2,770314,0.4082
78911,ItemCF,3,2466955,0.4025
78944,UserCF,1,4279983,0.7071
78944,UserCF,2,4574098,0.7071
78944,UserCF,3,5042305,0.7071
78944,ItemCF,1,4574098,0.7276
78944,ItemCF,2,5042305,0.6508
78944,ItemCF,3,4279983,0.6508
78978,UserCF,1,58950,0.9082
78978,UserCF,2,3492115,0.9082
78978,UserCF,3,791288,0.6422
78978,ItemCF,1,37566,0.433
78978,ItemCF,2,1499183,0.2887
78978,ItemCF,3,83199,0.25
79055,UserCF,1,1108311,1.46
79055,UserCF,2,2538351,0.8536
79055,UserCF,3,4542634,0.7245
79055,ItemCF,1,1108311,0.3674
79055,ItemCF,2,4542634,0.2828
79055,ItemCF,3,426691,0.169
79138,UserCF,1,2922853,1.2027
79138,UserCF,2,999828,1.2027
79138,UserCF,3,141437,1.069
79138,ItemCF,1,999828,0.4009
79138,ItemCF,2,2922853,0.3803
79138,ItemCF,3,4547240,0.3572
79198,UserCF,1,2530632,1.206
79198,UserCF,2,3139742,0.6708
79198,UserCF,3,3331037,0.603
79198,ItemCF,1,2243483,0.3922
79198,ItemCF,2,440705,0.3333
79198,ItemCF,3,3331037,0.3203
79249,UserCF,1,1393372,0.6009
79249,UserCF,2,678323,0.5774
79249,UserCF,3,88903,0.5774
79249,ItemCF,1,2845198,0.5
79249,ItemCF,2,3909833,0.4472
79249,ItemCF,3,2366994,0.4472
79309,UserCF,1,4568325,0.5222
79309,UserCF,2,4718804,0.4082
79309,UserCF,3,2386207,0.4082
79309,ItemCF,1,4718804,0.7071
79309,ItemCF,2,1374535,0.3536
79309,ItemCF,3,4568325,0.3198
79329,UserCF,1,3183557,0.6708
79329,UserCF,2,1164931,0.6396
79329,UserCF,3,84533,0.6325
79329,ItemCF,1,3405783,0.3162
79329,ItemCF,2,84533,0.2828
79329,ItemCF,3,1800946,0.2236
79354,UserCF,1,2985484,0.6708
79354,UserCF,2,2799125,0.6396
79354,UserCF,3,987143,0.6396
79354,ItemCF,1,4929075,0.2236
79354,ItemCF,2,2799125,0.1651
79354,ItemCF,3,987143,0.1625
79725,UserCF,1,2744966,0.5
79725,UserCF,2,521248,0.5
79725,UserCF,3,3920968,0.4082
79725,ItemCF,1,1447416,0.2887
79725,ItemCF,2,2077131,0.2357
79725,ItemCF,3,1199722,0.1826
79730,UserCF,1,2338453,0.9722
79730,UserCF,2,259923,0.8321
79730,UserCF,3,3128458,0.4979
79730,ItemCF,1,1808275,0.3746
79730,ItemCF,2,259923,0.2657
79730,ItemCF,3,3922047,0.2582
79832,UserCF,1,4961929,0.9701
79832,UserCF,2,1668747,0.5774
79832,UserCF,3,772414,0.5774
79832,ItemCF,1,4961929,0.6963
79832,ItemCF,2,1668747,0.3693
79832,ItemCF,3,772414,0.1928
79851,UserCF,1,2042828,0.9487
79851,UserCF,2,4165867,0.7071
79851,UserCF,3,2674554,0.5774
79851,ItemCF,1,4975610,0.1826
79851,ItemCF,2,2042828,0.1826
79851,ItemCF,3,3523692,0.1491
79964,UserCF,1,3258733,0.6325
79964,UserCF,2,1274610,0.6124
79964,UserCF,3,4491210,0.5
79964,ItemCF,1,1274610,0.3397
79964,ItemCF,2,3258733,0.2279
79964,ItemCF,3,55419,0.1826
79967,UserCF,1,4736400,0.7618
79967,UserCF,2,2741706,0.6325
79967,UserCF,3,4591048,0.6325
79967,ItemCF,1,2741706,0.3381
79967,ItemCF,2,4591048,0.2041
79967,ItemCF,3,1494026,0.2041
79999,UserCF,1,2042828,2.0
79999,UserCF,2,1255166,1.3416
79999,UserCF,3,3147410,0.686
79999,ItemCF,1,2042828,0.6285
79999,ItemCF,2,1255166,0.4629
79999,ItemCF,3,5100654,0.2673
80042,UserCF,1,3485441,0.5
80042,UserCF,2,4450440,0.5
80042,UserCF,3,2751276,0.4082
80042,ItemCF,1,2751276,0.1741
80042,ItemCF,2,3564339,0.1491
80042,ItemCF,3,3485441,0.1414
80084,UserCF,1,2038748,0.8165
80084,UserCF,2,2299355,0.5601
80084,UserCF,3,4622270,0.5601
80084,ItemCF,1,2038748,0.5774
80084,ItemCF,2,764,0.4472
80084,ItemCF,3,2299355,0.4
80282,UserCF,1,3452114,0.8306
80282,UserCF,2,2565270,0.6708
80282,UserCF,3,2304016,0.6708
80282,ItemCF,1,2304016,0.416
80282,ItemCF,2,3452114,0.2454
80282,ItemCF,3,2343757,0.2224
80504,UserCF,1,94095,0.6396
80504,UserCF,2,4283735,0.5774
80504,UserCF,3,1613031,0.5774
80504,ItemCF,1,1613031,0.3162
80504,ItemCF,2,94095,0.1974
80504,ItemCF,3,4283735,0.1907
80722,UserCF,1,4879988,0.686
80722,UserCF,2,4736400,0.5
80722,UserCF,3,1871901,0.5
80722,ItemCF,1,4879988,0.2828
80722,ItemCF,2,68814,0.2182
80722,ItemCF,3,1871901,0.1667
81127,UserCF,1,931748,0.8944
81127,UserCF,2,679860,0.8944
81127,UserCF,3,2634325,0.7071
81127,ItemCF,1,931748,0.3536
81127,ItemCF,2,2634325,0.1581
81127,ItemCF,3,1995362,0.1443
81194,UserCF,1,998153,0.5774
81194,UserCF,2,3246733,0.5345
81194,UserCF,3,855292,0.5345
81194,ItemCF,1,3582521,0.3333
81194,ItemCF,2,5133081,0.2887
81194,ItemCF,3,855292,0.2357
81480,UserCF,1,1283919,0.5
81480,UserCF,2,224998,0.5
81480,UserCF,3,223164,0.5
81480,ItemCF,1,223164,0.3536
81480,ItemCF,2,1987513,0.3333
81480,ItemCF,3,4877555,0.2236
81663,UserCF,1,1893423,0.7071
81663,ItemCF,1,1893423,0.3536
81735,UserCF,1,4667231,0.5477
81735,UserCF,2,2881595,0.5477
81735,UserCF,3,2393879,0.4082
81735,ItemCF,1,2881595,0.4472
81735,ItemCF,2,4667231,0.4423
81735,ItemCF,3,2393879,0.4082
81752,UserCF,1,556976,0.6708
81752,UserCF,2,3118003,0.5477
81752,UserCF,3,2995852,0.5477
81752,ItemCF,1,556976,0.866
81752,ItemCF,2,3118003,0.5
81752,ItemCF,3,2995852,0.433
81774,UserCF,1,2271370,0.7746
81774,UserCF,2,4460290,0.6325
81774,UserCF,3,2477759,0.6325
81774,ItemCF,1,2271370,0.6708
81774,ItemCF,2,665847,0.3536
81774,ItemCF,3,3600228,0.3162
81915,UserCF,1,2338453,1.2649
81915,UserCF,2,4952541,1.2185
81915,UserCF,3,4781883,0.9
81915,ItemCF,1,4082554,0.8018
81915,ItemCF,2,4781883,0.3626
81915,ItemCF,3,2973076,0.3336
82083,UserCF,1,686015,0.8216
82083,UserCF,2,181946,0.8165
82083,UserCF,3,3121645,0.6124
82083,ItemCF,1,917581,0.5669
82083,ItemCF,2,686015,0.5128
82083,ItemCF,3,1825796,0.504
82222,UserCF,1,3669736,0.686
82222,UserCF,2,1808205,0.6708
82222,UserCF,3,1153099,0.6422
82222,ItemCF,1,3669736,0.252
82222,ItemCF,2,1418619,0.2182
82222,ItemCF,3,1808205,0.207
82308,UserCF,1,812879,1.2637
82308,UserCF,2,477044,0.8944
82308,UserCF,3,4531101,0.8944
82308,ItemCF,1,2115332,0.1601
82308,ItemCF,2,3931614,0.1491
82308,ItemCF,3,3248773,0.1361
82322,UserCF,1,3163923,1.7008
82322,UserCF,2,1631329,1.7008
82322,UserCF,3,3504009,0.8944
82322,ItemCF,1,3163923,0.5692
82322,ItemCF,2,1631329,0.4366
82322,ItemCF,3,504799,0.2449
82350,UserCF,1,4263070,0.6325
82350,UserCF,2,2099112,0.6049
82350,UserCF,3,4435689,0.5
82350,ItemCF,1,4435689,0.2887
82350,ItemCF,2,4119860,0.2887
82350,ItemCF,3,4263070,0.1667
82379,UserCF,1,1611933,0.6422
82379,UserCF,2,2678214,0.6422
82379,UserCF,3,3188907,0.4851
82379,ItemCF,1,1646218,0.2887
82379,ItemCF,2,2841845,0.2474
82379,ItemCF,3,3194817,0.2357
82391,UserCF,1,1037004,0.4842
82391,UserCF,2,3783464,0.447
82391,UserCF,3,3634446,0.411
82391,ItemCF,1,1037004,0.3578
82391,ItemCF,2,4109333,0.3094
82391,ItemCF,3,5075848,0.2582
82523,UserCF,1,1434990,0.8165
82523,UserCF,2,3996355,0.5
82523,UserCF,3,1565339,0.5
82523,ItemCF,1,764114,0.3536
82523,ItemCF,2,730324,0.25
82523,ItemCF,3,1434990,0.2141
82527,UserCF,1,2285524,0.6708
82527,UserCF,2,3030785,0.5
82527,UserCF,3,3291206,0.5
82527,ItemCF,1,2443536,0.3333
82527,ItemCF,2,5141125,0.2887
82527,ItemCF,3,1126177,0.2041
82595,UserCF,1,1442256,0.7041
82595,UserCF,2,4489062,0.6708
82595,UserCF,3,3767323,0.6325
82595,ItemCF,1,2144759,0.2345
82595,ItemCF,2,4489062,0.2236
82595,ItemCF,3,407583,0.2165
82599,UserCF,1,5051027,3.8284
82599,UserCF,2,2790543,1.7164
82599,UserCF,3,3711345,0.6325
82599,ItemCF,1,5051027,0.9506
82599,ItemCF,2,2907526,0.6396
82599,ItemCF,3,4352300,0.5345
82732,UserCF,1,65132,1.2247
82732,UserCF,2,1163632,0.6325
82732,UserCF,3,3720597,0.6124
82732,ItemCF,1,65132,0.3038
82732,ItemCF,2,118466,0.2942
82732,ItemCF,3,3720597,0.2631
82757,UserCF,1,4050274,0.5601
82757,UserCF,2,4773524,0.5222
82757,UserCF,3,1387695,0.5222
82757,ItemCF,1,4050274,0.3667
82757,ItemCF,2,1387695,0.2261
82757,ItemCF,3,4006924,0.2132
82778,UserCF,1,2484493,1.1346
82778,UserCF,2,4309220,0.5601
82778,UserCF,3,4050274,0.4082
82778,ItemCF,1,4309220,0.5164
82778,ItemCF,2,1907598,0.4082
82778,ItemCF,3,2484493,0.2712
82883,UserCF,1,3597425,0.9594
82883,UserCF,2,4794129,0.4851
82883,UserCF,3,2939604,0.4851
82883,ItemCF,1,312026,0.5388
82883,ItemCF,2,2389496,0.433
82883,ItemCF,3,4377197,0.4082
82921,UserCF,1,158929,0.967
82921,UserCF,2,3669736,0.9204
82921,UserCF,3,4887526,0.6708
82921,ItemCF,1,3669736,0.7559
82921,ItemCF,2,158929,0.4292
82921,ItemCF,3,3513297,0.378
82967,UserCF,1,3676378,1.3165
82967,UserCF,2,1249104,0.7132
82967,UserCF,3,3632268,0.6396
82967,ItemCF,1,3632268,0.2887
82967,ItemCF,2,4983944,0.2357
82967,ItemCF,3,1249104,0.2357
83016,UserCF,1,4764746,0.6708
83016,UserCF,2,385643,0.6396
83016,UserCF,3,2856386,0.5898
83016,ItemCF,1,4764746,0.6124
83016,ItemCF,2,4237756,0.378
83016,ItemCF,3,2856386,0.3667
83108,UserCF,1,2108905,0.6708
83108,UserCF,2,4703841,0.5
83108,UserCF,3,4262924,0.5
83108,ItemCF,1,2108905,0.4201
83108,ItemCF,2,4703841,0.3536
83108,ItemCF,3,4732559,0.3536
83172,UserCF,1,4216439,0.7845
83172,UserCF,2,4211339,0.7845
83172,UserCF,3,4450440,0.6124
83172,ItemCF,1,2596902,0.3536
83172,ItemCF,2,3253919,0.1961
83172,ItemCF,3,4216439,0.1961
83181,UserCF,1,4479133,1.8887
83181,UserCF,2,2560262,0.5
83181,UserCF,3,561430,0.5
83181,ItemCF,1,4479133,0.6901
83181,ItemCF,2,3175666,0.1672
83181,ItemCF,3,903467,0.1543
83203,UserCF,1,2443940,1.9652
83203,UserCF,2,1801407,1.0607
83203,UserCF,3,4744994,0.9487
83203,ItemCF,1,2443940,0.2712
83203,ItemCF,2,866111,0.2572
83203,ItemCF,3,1801407,0.2425
83208,UserCF,1,1675161,0.5477
83208,UserCF,2,1444258,0.5477
83208,UserCF,3,3488746,0.5477
83208,ItemCF,1,3923309,0.2582
83208,ItemCF,2,5126687,0.239
83208,ItemCF,3,1675161,0.2335
83336,UserCF,1,679860,1.2081
83336,UserCF,2,2634325,0.5222
83336,UserCF,3,3237277,0.5222
83336,ItemCF,1,679860,0.5377
83336,ItemCF,2,2634325,0.4045
83336,ItemCF,3,3237277,0.2611
83533,UserCF,1,4523651,1.1039
83533,UserCF,2,2331370,0.6708
83533,UserCF,3,3529591,0.6396
83533,ItemCF,1,4523651,0.2638
83533,ItemCF,2,1220546,0.2
83533,ItemCF,3,650719,0.1826
83633,UserCF,1,4678484,1.1396
83633,UserCF,2,2846737,0.5
83633,UserCF,3,1538612,0.5
83633,ItemCF,1,4678484,0.4619
83633,ItemCF,2,4445061,0.3162
83633,ItemCF,3,1447842,0.3162
83686,UserCF,1,1772158,0.8706
83686,UserCF,2,5111655,0.6708
83686,UserCF,3,2988047,0.4243
83686,ItemCF,1,1772158,0.4758
83686,ItemCF,2,3483960,0.433
83686,ItemCF,3,5111655,0.3273
83696,UserCF,1,932794,0.4743
83696,UserCF,2,2325555,0.4523
83696,UserCF,3,230577,0.4523
83696,ItemCF,1,2325555,0.5477
83696,ItemCF,2,932794,0.416
83696,ItemCF,3,3554401,0.2887
83825,UserCF,1,812879,0.9082
83825,UserCF,2,2948329,0.7887
83825,UserCF,3,2789215,0.6396
83825,ItemCF,1,2598738,0.4082
83825,ItemCF,2,2554667,0.4082
83825,ItemCF,3,5019489,0.2582
84019,UserCF,1,2678214,0.7442
84019,UserCF,2,4306269,0.4236
84019,UserCF,3,2238805,0.4045
84019,ItemCF,1,1316065,0.3348
84019,ItemCF,2,2678214,0.2503
84019,ItemCF,3,4306269,0.2368
84071,UserCF,1,5069542,1.5
84071,UserCF,2,1103893,0.9082
84071,UserCF,3,2116438,0.6708
84071,ItemCF,1,5069542,0.4629
84071,ItemCF,2,2656231,0.3536
84071,ItemCF,3,1103893,0.2495
84188,UserCF,1,5075927,0.7698
84188,UserCF,2,1303734,0.5298
84188,UserCF,3,250498,0.4714
84188,ItemCF,1,280245,0.25
84188,ItemCF,2,1303734,0.249
84188,ItemCF,3,3138292,0.2357
84218,UserCF,1,3724318,0.6708
84218,UserCF,2,3592312,0.5345
84218,UserCF,3,4848299,0.5
84218,ItemCF,1,4629321,0.3162
84218,ItemCF,2,3724318,0.2835
84218,ItemCF,3,3592312,0.239
84507,UserCF,1,4458456,0.5
84507,UserCF,2,956343,0.5
84507,UserCF,3,4929966,0.4082
84507,ItemCF,1,1425985,0.4472
84507,ItemCF,2,3917035,0.2236
84507,ItemCF,3,3914226,0.2
84640,UserCF,1,465433,1.46
84640,UserCF,2,2973392,0.8536
84640,UserCF,3,2290682,0.7618
84640,ItemCF,1,465433,0.4717
84640,ItemCF,2,3735183,0.2981
84640,ItemCF,3,4714272,0.2236
84862,UserCF,1,3485136,1.8914
84862,UserCF,2,803044,0.988
84862,UserCF,3,3685477,0.6547
84862,ItemCF,1,3349493,0.4045
84862,ItemCF,2,3485136,0.3235
84862,ItemCF,3,803044,0.3078
84962,UserCF,1,694434,1.1767
84962,UserCF,2,2534671,0.686
84962,UserCF,3,1501726,0.6708
84962,ItemCF,1,2281374,0.4082
84962,ItemCF,2,1501726,0.303
84962,ItemCF,3,4279983,0.2582
85138,UserCF,1,1449269,1.0
85138,UserCF,2,3160234,0.9428
85138,UserCF,3,4897004,0.6396
85138,ItemCF,1,1156383,0.5145
85138,ItemCF,2,1312176,0.3536
85138,ItemCF,3,3160234,0.343
85159,UserCF,1,3258733,0.6325
85159,UserCF,2,3403702,0.5
85159,UserCF,3,4407999,0.5
85159,ItemCF,1,1148032,0.2582
85159,ItemCF,2,3258733,0.2279
85159,ItemCF,3,690587,0.1826
85241,UserCF,1,3160234,0.9082
85241,UserCF,2,3246733,0.6755
85241,UserCF,3,3964631,0.5345
85241,ItemCF,1,3160234,0.2673
85241,ItemCF,2,3964631,0.2357
85241,ItemCF,3,3575728,0.169
85296,UserCF,1,1275312,1.46
85296,UserCF,2,1113009,0.7887
85296,UserCF,3,2095102,0.6708
85296,ItemCF,1,1275312,0.3674
85296,ItemCF,2,2095102,0.3
85296,ItemCF,3,1146774,0.2683
85309,UserCF,1,260659,1.3555
85309,UserCF,2,1461969,0.8808
85309,UserCF,3,3032611,0.7746
85309,ItemCF,1,260659,1.201
85309,ItemCF,2,3032611,0.5262
85309,ItemCF,3,678323,0.5095
85310,UserCF,1,4542634,0.7245
85310,UserCF,2,3096889,0.5
85310,UserCF,3,2956909,0.5
85310,ItemCF,1,4542634,0.2828
85310,ItemCF,2,3175160,0.189
85310,ItemCF,3,3015046,0.169
85411,UserCF,1,3237277,0.8165
85411,UserCF,2,4216439,0.6405
85411,UserCF,3,1886236,0.6405
85411,ItemCF,1,2468542,0.2425
85411,ItemCF,2,1360399,0.2236
85411,ItemCF,3,1517929,0.1952
85457,UserCF,1,4839658,0.9234
85457,UserCF,2,2469337,0.7807
85457,UserCF,3,3256898,0.5963
85457,ItemCF,1,2469337,0.4326
85457,ItemCF,2,4839658,0.2863
85457,ItemCF,3,4837172,0.2739
85545,UserCF,1,1134646,0.9487
85545,UserCF,2,2834957,0.7071
85545,UserCF,3,300812,0.7071
85545,ItemCF,1,1134646,0.4201
85545,ItemCF,2,4945426,0.14
85545,ItemCF,3,1839512,0.14
85553,UserCF,1,2015258,0.6396
85553,UserCF,2,2968120,0.6325
85553,UserCF,3,3011437,0.6325
85553,ItemCF,1,3772959,0.378
85553,ItemCF,2,2060422,0.3273
85553,ItemCF,3,2015258,0.2372
85585,UserCF,1,3152740,0.7071
85585,UserCF,2,3007018,0.7071
85585,UserCF,3,3729070,0.7071
85585,ItemCF,1,4826027,0.3015
85585,ItemCF,2,3249073,0.2132
85585,ItemCF,3,3152740,0.1741
85730,UserCF,1,812879,0.7296
85730,UserCF,2,2061699,0.644
85730,UserCF,3,4531101,0.5164
85730,ItemCF,1,1274610,0.3397
85730,ItemCF,2,1533499,0.3381
85730,ItemCF,3,2851250,0.2673
85870,UserCF,1,2491786,0.6325
85870,UserCF,2,2271370,0.6124
85870,UserCF,3,3737185,0.5
85870,ItemCF,1,2491786,0.5
85870,ItemCF,2,2271370,0.3354
85870,ItemCF,3,3737185,0.3162
85878,UserCF,1,4438708,0.8729
85878,UserCF,2,3669736,0.4851
85878,UserCF,3,1808205,0.4743
85878,ItemCF,1,3148234,0.7071
85878,ItemCF,2,4438708,0.4961
85878,ItemCF,3,3669736,0.252
86083,UserCF,1,3823922,1.3416
86083,UserCF,2,1435963,0.6708
86083,UserCF,3,1454001,0.3
86083,ItemCF,1,3823922,0.629
86083,ItemCF,2,1454001,0.2739
86083,ItemCF,3,1435963,0.1551
86128,UserCF,1,2654160,1.4142
86128,UserCF,2,3718042,0.5547
86128,UserCF,3,4835633,0.4714
86128,ItemCF,1,2654160,0.9
86128,ItemCF,2,4250427,0.6667
86128,ItemCF,3,3718042,0.4264
86241,UserCF,1,5143071,0.4082
86241,UserCF,2,2603039,0.4082
86241,UserCF,3,3990990,0.4082
86241,ItemCF,1,4777971,0.281
86241,ItemCF,2,159695,0.25
86241,ItemCF,3,3839986,0.2357
86259,UserCF,1,2285524,0.7515
86259,UserCF,2,3057261,0.6708
86259,UserCF,3,1797702,0.5774
86259,ItemCF,1,3057261,0.2535
86259,ItemCF,2,1797702,0.25
86259,ItemCF,3,344545,0.25
86278,UserCF,1,2973392,1.1711
86278,UserCF,2,4714272,0.9204
86278,UserCF,3,344968,0.8775
86278,ItemCF,1,4714272,0.8944
86278,ItemCF,2,344968,0.4714
86278,ItemCF,3,4810516,0.3849
86480,UserCF,1,2526286,1.2247
86480,UserCF,2,812879,0.5477
86480,UserCF,3,4787364,0.5477
86480,ItemCF,1,2526286,0.8018
86480,ItemCF,2,1535093,0.3536
86480,ItemCF,3,4787364,0.2835
86510,UserCF,1,2762212,1.0749
86510,UserCF,2,1923737,0.6708
86510,UserCF,3,2314769,0.6325
86510,ItemCF,1,1696967,0.2357
86510,ItemCF,2,2811801,0.2357
86510,ItemCF,3,1923737,0.2041
87040,UserCF,1,2623852,0.5601
87040,UserCF,2,1557413,0.5601
87040,UserCF,3,3665269,0.5477
87040,ItemCF,1,2623852,0.3381
87040,ItemCF,2,4435587,0.3162
87040,ItemCF,3,2281247,0.249
87069,UserCF,1,1255166,0.7746
87069,UserCF,2,2019319,0.3873
87069,UserCF,3,1228800,0.3651
87069,ItemCF,1,5105730,0.5
87069,ItemCF,2,1255166,0.4629
87069,ItemCF,3,3765279,0.3536
87569,UserCF,1,1232663,1.1052
87569,UserCF,2,602041,0.5477
87569,UserCF,3,2661210,0.5443
87569,ItemCF,1,2628900,0.3536
87569,ItemCF,2,4587881,0.25
87569,ItemCF,3,1532998,0.2236
87784,UserCF,1,4835633,0.9572
87784,UserCF,2,2474840,0.6708
87784,UserCF,3,2200647,0.6708
87784,ItemCF,1,2859216,0.6708
87784,ItemCF,2,2474840,0.3873
87784,ItemCF,3,4835633,0.367
88149,UserCF,1,4185538,0.6396
88149,UserCF,2,1215860,0.6396
88149,UserCF,3,2280030,0.4264
88149,ItemCF,1,1215860,0.6124
88149,ItemCF,2,4185538,0.433
88149,ItemCF,3,2523496,0.3254
88724,UserCF,1,1989476,0.6547
88724,UserCF,2,3783464,0.5222
88724,UserCF,3,2792318,0.4082
88724,ItemCF,1,3418695,0.4082
88724,ItemCF,2,4684457,0.4082
88724,ItemCF,3,3909833,0.2357
88813,UserCF,1,3251083,0.8165
88813,UserCF,2,3243661,0.5601
88813,UserCF,3,4283735,0.5477
88813,ItemCF,1,5020485,0.3536
88813,ItemCF,2,3243661,0.3162
88813,ItemCF,3,2314619,0.2887
89016,UserCF,1,1442256,0.5749
89016,UserCF,2,4489062,0.5477
89016,UserCF,3,1274069,0.5298
89016,ItemCF,1,4023438,0.25
89016,ItemCF,2,3998253,0.25
89016,ItemCF,3,1274069,0.2462
89030,UserCF,1,4969699,0.9147
89030,UserCF,2,1497171,0.6667
89030,UserCF,3,3890594,0.3563
89030,ItemCF,1,4969699,0.7064
89030,ItemCF,2,2550096,0.5298
89030,ItemCF,3,2367276,0.4588
89577,UserCF,1,1962765,1.8794
89577,UserCF,2,4641554,1.1619
89577,UserCF,3,3562114,0.8556
89577,ItemCF,1,4641554,0.2402
89577,ItemCF,2,4038767,0.2357
89577,ItemCF,3,631058,0.2357
89664,UserCF,1,1131455,0.6804
89664,UserCF,2,3520504,0.4082
89664,UserCF,3,4279983,0.4082
89664,ItemCF,1,1131455,0.3289
89664,ItemCF,2,4279983,0.2582
89664,ItemCF,3,3520504,0.0825
89746,UserCF,1,1275702,0.4928
89746,UserCF,2,694434,0.4082
89746,UserCF,3,2751559,0.3086
89746,ItemCF,1,678828,0.2357
89746,ItemCF,2,5067875,0.2236
89746,ItemCF,3,2751559,0.2222
89789,UserCF,1,344968,1.372
89789,UserCF,2,1282695,0.8005
89789,UserCF,3,3642276,0.686
89789,ItemCF,1,344968,0.7003
89789,ItemCF,2,3828859,0.5252
89789,ItemCF,3,4743400,0.3714
89909,UserCF,1,4256822,0.9487
89909,UserCF,2,692510,0.9234
89909,UserCF,3,3289795,0.5744
89909,ItemCF,1,5065620,0.5898
89909,ItemCF,2,692510,0.5249
89909,ItemCF,3,4256822,0.3343
90479,UserCF,1,200003,0.4743
90479,UserCF,2,4442321,0.3536
90479,UserCF,3,3057937,0.3536
90479,ItemCF,1,3746040,0.3333
90479,ItemCF,2,200003,0.2673
90479,ItemCF,3,1500790,0.25
91540,UserCF,1,5083191,0.5477
91540,UserCF,2,4148219,0.5164
91540,UserCF,3,2829056,0.5
91540,ItemCF,1,4023438,0.3198
91540,ItemCF,2,2733670,0.3162
91540,ItemCF,3,5083191,0.2739
91959,UserCF,1,1962765,1.4558
91959,UserCF,2,94892,0.9487
91959,UserCF,3,4641554,0.9
91959,ItemCF,1,2023751,0.4116
91959,ItemCF,2,3416420,0.2673
91959,ItemCF,3,3231778,0.2673
92033,UserCF,1,3529591,0.5601
92033,UserCF,2,2303768,0.5477
92033,UserCF,3,3068568,0.5222
92033,ItemCF,1,2303768,0.378
92033,ItemCF,2,1177305,0.3441
92033,ItemCF,3,2204577,0.2554
93114,UserCF,1,3735183,0.9487
93114,UserCF,2,2620478,0.7071
93114,UserCF,3,165071,0.7071
93114,ItemCF,1,3735183,0.3721
93114,ItemCF,2,3792713,0.1601
93114,ItemCF,3,2620478,0.1132
93287,UserCF,1,4498936,0.4588
93287,UserCF,2,2389496,0.4472
93287,UserCF,3,4157274,0.4082
93287,ItemCF,1,4498936,0.5
93287,ItemCF,2,4058885,0.4082
93287,ItemCF,3,3864424,0.2673
93695,UserCF,1,4587881,0.5774
93695,UserCF,2,4062285,0.4082
93695,UserCF,3,345677,0.4082
93695,ItemCF,1,4062285,0.5774
93695,ItemCF,2,345677,0.4714
93695,ItemCF,3,4237756,0.4472
93969,UserCF,1,602041,0.8581
93969,UserCF,2,4168531,0.8528
93969,UserCF,3,207994,0.8528
93969,ItemCF,1,4168531,0.6667
93969,ItemCF,2,207994,0.305
93969,ItemCF,3,2487905,0.2887
94076,UserCF,1,3769445,1.0
94076,UserCF,2,2842016,0.5222
94076,UserCF,3,2484493,0.5222
94076,ItemCF,1,4612796,0.5345
94076,ItemCF,2,3769445,0.2767
94076,ItemCF,3,2484493,0.2572
94320,UserCF,1,2678214,0.5244
94320,UserCF,2,2238805,0.5222
94320,UserCF,3,1508204,0.5164
94320,ItemCF,1,3892354,0.4082
94320,ItemCF,2,138277,0.3015
94320,ItemCF,3,1508204,0.2857
94614,UserCF,1,4216439,0.576
94614,UserCF,2,516760,0.5244
94614,UserCF,3,4211339,0.4529
94614,ItemCF,1,4992519,0.433
94614,ItemCF,2,1773676,0.4082
94614,ItemCF,3,4058885,0.3849
95649,UserCF,1,1080797,0.644
95649,UserCF,2,4190680,0.5164
95649,UserCF,3,5036799,0.4714
95649,ItemCF,1,2364742,0.4714
95649,ItemCF,2,4503575,0.4201
95649,ItemCF,3,239310,0.4201
96019,UserCF,1,1234475,1.1921
96019,UserCF,2,2279598,0.5477
96019,UserCF,3,2922853,0.5164
96019,ItemCF,1,1234475,1.0757
96019,ItemCF,2,3194817,0.9487
96019,ItemCF,3,3334973,0.6124
96648,UserCF,1,1903537,0.551
96648,UserCF,2,2261537,0.4339
96648,UserCF,3,1892018,0.4339
96648,ItemCF,1,1892018,0.4851
96648,ItemCF,2,482723,0.3536
96648,ItemCF,3,1169462,0.3536
97124,UserCF,1,779670,0.5
97124,ItemCF,1,779670,0.1078
97146,UserCF,1,319541,0.6969
97146,UserCF,2,3237277,0.5164
97146,UserCF,3,3188108,0.5164
97146,ItemCF,1,4397050,0.4472
97146,ItemCF,2,3077956,0.3162
97146,ItemCF,3,5119313,0.2236
97434,UserCF,1,3485136,2.9633
97434,UserCF,2,3004746,1.8456
97434,UserCF,3,803044,0.8641
97434,ItemCF,1,3485136,0.9706
97434,ItemCF,2,164383,0.5145
97434,ItemCF,3,3004746,0.4851
97713,UserCF,1,3246733,0.6741
97713,UserCF,2,2331370,0.6667
97713,UserCF,3,706266,0.5387
97713,ItemCF,1,1532601,0.2857
97713,ItemCF,2,19459,0.2287
97713,ItemCF,3,3345440,0.2182
97882,UserCF,1,3080593,0.866
97882,UserCF,2,2948329,0.7746
97882,UserCF,3,2386053,0.7385
97882,ItemCF,1,830474,0.343
97882,ItemCF,2,2386053,0.2657
97882,ItemCF,3,4044950,0.2425
97923,UserCF,1,2760021,0.7071
97923,UserCF,2,2642113,0.6422
97923,UserCF,3,4622270,0.6036
97923,ItemCF,1,2760021,0.4872
97923,ItemCF,2,4017585,0.3536
97923,ItemCF,3,4611345,0.3333
98291,UserCF,1,1435963,1.633
98291,UserCF,2,4503852,0.7416
98291,UserCF,3,3854410,0.5222
98291,ItemCF,1,1435963,0.6468
98291,ItemCF,2,3421944,0.2572
98291,ItemCF,3,4503852,0.2169
99061,UserCF,1,4397300,0.5669
99061,UserCF,2,2115332,0.5669
99061,UserCF,3,250498,0.4629
99061,ItemCF,1,2319282,0.3873
99061,ItemCF,2,3476381,0.3873
99061,ItemCF,3,3189914,0.3873
99398,UserCF,1,4559286,0.6396
99398,UserCF,2,2503114,0.6396
99398,UserCF,3,2366014,0.286
99398,ItemCF,1,3231778,0.5
99398,ItemCF,2,2366014,0.3062
99398,ItemCF,3,4015091,0.2673
100039,UserCF,1,2032668,0.8556
100039,UserCF,2,2648375,0.8165
100039,UserCF,3,181419,0.6969
100039,ItemCF,1,2628900,0.3162
100039,ItemCF,2,2010289,0.2887
100039,ItemCF,3,98726,0.2887
100415,UserCF,1,1146774,0.6708
100415,UserCF,2,4678243,0.5477
100415,UserCF,3,1349100,0.5477
100415,ItemCF,1,4357933,0.5
100415,ItemCF,2,2293287,0.5
100415,ItemCF,3,4961929,0.4082
100497,UserCF,1,431609,0.6036
100497,UserCF,2,317193,0.4743
100497,UserCF,3,3845720,0.4523
100497,ItemCF,1,317193,0.4009
100497,ItemCF,2,3248773,0.3536
100497,ItemCF,3,431609,0.3536
100916,UserCF,1,77819,0.7698
100916,UserCF,2,128495,0.7698
100916,UserCF,3,3150745,0.5477
100916,ItemCF,1,3150745,0.3015
100916,ItemCF,2,77819,0.2306
100916,ItemCF,3,4847828,0.2287
101339,UserCF,1,3676554,0.4082
101339,UserCF,2,1889520,0.4082
101339,UserCF,3,1747893,0.4082
101339,ItemCF,1,1582788,0.2887
101339,ItemCF,2,305661,0.2887
101339,ItemCF,3,1889520,0.252
102097,UserCF,1,2764746,0.6124
102097,UserCF,2,3475401,0.6124
102097,UserCF,3,3291206,0.6124
102097,ItemCF,1,652555,0.5774
102097,ItemCF,2,1460333,0.4523
102097,ItemCF,3,4975009,0.375
102714,UserCF,1,3601906,0.4743
102714,UserCF,2,714660,0.4743
102714,UserCF,3,2364679,0.378
102714,ItemCF,1,3601906,0.4743
102714,ItemCF,2,714660,0.4743
102714,ItemCF,3,698037,0.4082
103110,UserCF,1,185319,0.7206
103110,UserCF,2,3921177,0.7206
103110,UserCF,3,2829056,0.7206
103110,ItemCF,1,2829056,0.5785
103110,ItemCF,2,3921177,0.5539
103110,ItemCF,3,2973853,0.4743
103517,UserCF,1,181419,0.622
103517,UserCF,2,2961294,0.5477
103517,UserCF,3,4526370,0.5477
103517,ItemCF,1,2652265,0.3536
103517,ItemCF,2,1683212,0.3198
103517,ItemCF,3,2961294,0.2315
103683,UserCF,1,1494781,1.9467
103683,UserCF,2,427937,0.8944
103683,UserCF,3,2943413,0.6667
103683,ItemCF,1,1494781,1.4884
103683,ItemCF,2,4475909,1.1094
103683,ItemCF,3,427937,0.4097
103979,UserCF,1,987143,0.7416
103979,UserCF,2,2187072,0.622
103979,UserCF,3,694434,0.4804
103979,ItemCF,1,5099668,0.3873
103979,ItemCF,2,781519,0.2631
103979,ItemCF,3,4764337,0.2582
104254,UserCF,1,3755965,1.0
104254,UserCF,2,2818406,0.7866
104254,UserCF,3,812879,0.6784
104254,ItemCF,1,2237523,0.8667
104254,ItemCF,2,2591004,0.7505
104254,ItemCF,3,129356,0.6211
104979,UserCF,1,4245608,0.9804
104979,UserCF,2,1444258,0.8165
104979,UserCF,3,2988047,0.5684
104979,ItemCF,1,328501,0.5443
104979,ItemCF,2,1360561,0.378
104979,ItemCF,3,2737910,0.3333
105101,UserCF,1,232919,0.4743
105101,UserCF,2,2460314,0.4523
105101,UserCF,3,1259763,0.4523
105101,ItemCF,1,873547,0.4629
105101,ItemCF,2,1259763,0.4009
105101,ItemCF,3,1950403,0.3536
105358,UserCF,1,3921727,1.3308
105358,UserCF,2,818823,0.7804
105358,UserCF,3,2060422,0.6172
105358,ItemCF,1,818823,0.6581
105358,ItemCF,2,3921727,0.5735
105358,ItemCF,3,2060422,0.4588
105480,UserCF,1,2973392,0.5477
105480,UserCF,2,4443059,0.4082
105480,UserCF,3,4439694,0.4082
105480,ItemCF,1,2973392,0.3062
105480,ItemCF,2,4058078,0.2357
105480,ItemCF,3,2077131,0.2357
105593,UserCF,1,4515824,0.5477
105593,UserCF,2,2852206,0.5477
105593,UserCF,3,3533109,0.5477
105593,ItemCF,1,4515824,0.2
105593,ItemCF,2,2421709,0.1925
105593,ItemCF,3,3533109,0.1846
105753,UserCF,1,5092508,0.4714
105753,UserCF,2,127812,0.4714
105753,UserCF,3,3739420,0.4082
105753,ItemCF,1,2495201,0.3536
105753,ItemCF,2,2293287,0.2887
105753,ItemCF,3,1570866,0.2236
106747,UserCF,1,4539052,0.5222
106747,UserCF,2,2216680,0.4924
106747,UserCF,3,4531940,0.4082
106747,ItemCF,1,2216680,0.3203
106747,ItemCF,2,4539052,0.2739
106747,ItemCF,3,4338890,0.2582
106833,UserCF,1,2386053,0.8581
106833,UserCF,2,2555853,0.7746
106833,UserCF,3,1583704,0.7746
106833,ItemCF,1,830474,0.5145
106833,ItemCF,2,1976809,0.5145
106833,ItemCF,3,2386053,0.3985
107874,UserCF,1,2285524,0.4764
107874,UserCF,2,1672333,0.4714
107874,UserCF,3,4188223,0.4082
107874,ItemCF,1,5044302,0.2041
107874,ItemCF,2,58511,0.2041
107874,ItemCF,3,1672333,0.1925
107916,UserCF,1,1955023,1.1921
107916,UserCF,2,3175895,0.5601
107916,UserCF,3,4641486,0.4082
107916,ItemCF,1,815555,0.5
107916,ItemCF,2,4641486,0.4472
107916,ItemCF,3,1955023,0.416
108701,UserCF,1,5150285,0.5477
108701,UserCF,2,3154597,0.4714
108701,UserCF,3,3111986,0.4714
108701,ItemCF,1,1845247,0.4082
108701,ItemCF,2,3111986,0.3086
108701,ItemCF,3,3377667,0.2132
109081,UserCF,1,1557413,0.5601
109081,UserCF,2,2281247,0.5298
109081,UserCF,3,4872029,0.5298
109081,ItemCF,1,2281247,0.249
109081,ItemCF,2,4872029,0.2306
109081,ItemCF,3,1557413,0.2306
109320,UserCF,1,784651,0.7071
109320,UserCF,2,467084,0.7071
109320,UserCF,3,4572617,0.3536
109320,ItemCF,1,467084,0.3333
109320,ItemCF,2,5141125,0.2887
109320,ItemCF,3,784651,0.1826
110165,UserCF,1,4810522,1.1921
110165,UserCF,2,1791949,1.0386
110165,UserCF,3,3169705,0.6667
110165,ItemCF,1,4810522,0.4717
110165,ItemCF,2,4568325,0.3198
110165,ItemCF,3,1791949,0.272
110565,UserCF,1,4484072,0.7416
110565,UserCF,2,2261537,0.5443
110565,UserCF,3,3258733,0.5164
110565,ItemCF,1,4484072,0.4472
110565,ItemCF,2,2261537,0.3244
110565,ItemCF,3,3258733,0.2279
111651,UserCF,1,507611,1.6396
111651,UserCF,2,4616932,0.8933
111651,UserCF,3,1668747,0.6708
111651,ItemCF,1,137035,0.4867
111651,ItemCF,2,3974260,0.4804
111651,ItemCF,3,1668747,0.1961
111987,UserCF,1,1349917,1.0079
111987,UserCF,2,1164931,0.8497
111987,UserCF,3,3495668,0.5477
111987,ItemCF,1,1479532,0.5298
111987,ItemCF,2,1349917,0.4326
111987,ItemCF,3,2238754,0.4082
112171,UserCF,1,1317359,0.9487
112171,UserCF,2,1199722,0.7071
112171,UserCF,3,335199,0.7071
112171,ItemCF,1,1317359,0.2739
112171,ItemCF,2,2297391,0.2
112171,ItemCF,3,1199722,0.2
112501,UserCF,1,3198981,0.8137
112501,UserCF,2,407583,0.7526
112501,UserCF,3,1153099,0.6396
112501,ItemCF,1,407583,0.624
112501,ItemCF,2,5115689,0.4082
112501,ItemCF,3,523747,0.3145
112599,UserCF,1,1101501,0.5477
112599,UserCF,2,4831712,0.4082
112599,UserCF,3,1319220,0.4082
112599,ItemCF,1,1101501,0.3536
112599,ItemCF,2,469241,0.3536
112599,ItemCF,3,1319220,0.2887
113227,UserCF,1,781519,0.8216
113227,UserCF,2,4474190,0.644
113227,UserCF,3,1556835,0.3961
113227,ItemCF,1,1556835,0.6963
113227,ItemCF,2,781519,0.5095
113227,ItemCF,3,2603207,0.433
113759,UserCF,1,1821387,0.8485
113759,UserCF,2,3704297,0.6708
113759,UserCF,3,3184656,0.6708
113759,ItemCF,1,1821387,0.7071
113759,ItemCF,2,3378307,0.3536
113759,ItemCF,3,4848535,0.2887
114195,UserCF,1,1188838,0.7527
114195,UserCF,2,3624285,0.629
114195,UserCF,3,1702754,0.5345
114195,ItemCF,1,2710966,0.6969
114195,ItemCF,2,4611207,0.5
114195,ItemCF,3,235572,0.4082
114291,UserCF,1,1583704,1.0441
114291,UserCF,2,4653444,0.8775
114291,UserCF,3,2204577,0.8581
114291,ItemCF,1,4653444,0.4907
114291,ItemCF,2,441382,0.3956
114291,ItemCF,3,2857790,0.3772
115208,UserCF,1,1111264,0.8216
115208,UserCF,2,2661469,0.6124
115208,UserCF,3,3977352,0.596
115208,ItemCF,1,1111264,1.46
115208,ItemCF,2,3977352,0.6068
115208,ItemCF,3,2661469,0.3974
115525,UserCF,1,1037004,1.0079
115525,UserCF,2,3634446,0.8556
115525,UserCF,3,3460113,0.6969
115525,ItemCF,1,1037004,0.3578
115525,ItemCF,2,913199,0.2887
115525,ItemCF,3,3158247,0.2236
115975,UserCF,1,2037066,0.7698
115975,UserCF,2,52487,0.7698
115975,UserCF,3,1047955,0.6667
115975,ItemCF,1,5030834,0.4082
115975,ItemCF,2,2037066,0.3922
115975,ItemCF,3,4754049,0.3536
116414,UserCF,1,88903,0.5477
116414,UserCF,2,185319,0.5477
116414,UserCF,3,393188,0.5164
116414,ItemCF,1,4992191,0.4472
116414,ItemCF,2,393188,0.2357
116414,ItemCF,3,3938687,0.2236
116691,UserCF,1,2458681,0.8165
116691,UserCF,2,2027792,0.5477
116691,UserCF,3,690638,0.5222
116691,ItemCF,1,4407522,0.3536
116691,ItemCF,2,4967384,0.3536
116691,ItemCF,3,690638,0.3062
116844,UserCF,1,395399,0.7691
116844,UserCF,2,1962782,0.5477
116844,UserCF,3,4112623,0.5477
116844,ItemCF,1,4112623,0.4082
116844,ItemCF,2,3226216,0.2673
116844,ItemCF,3,471588,0.2673
116942,UserCF,1,5071391,0.622
116942,UserCF,2,1289246,0.5477
116942,UserCF,3,3535515,0.5477
116942,ItemCF,1,3535515,0.6124
116942,ItemCF,2,5071391,0.2582
116942,ItemCF,3,4472761,0.2041
117204,UserCF,1,1051309,0.9541
117204,UserCF,2,1182310,0.6826
117204,UserCF,3,2588999,0.5477
117204,ItemCF,1,1182310,0.4781
117204,ItemCF,2,1051309,0.4193
117204,ItemCF,3,2588999,0.3273
117567,UserCF,1,3708121,0.4853
117567,UserCF,2,181419,0.4818
117567,UserCF,3,98377,0.4582
117567,ItemCF,1,3237939,0.3162
117567,ItemCF,2,1717573,0.3162
117567,ItemCF,3,98377,0.2828
118070,UserCF,1,3128182,0.7303
118070,UserCF,2,2490237,0.5164
118070,UserCF,3,3878908,0.4714
118070,ItemCF,1,3194817,0.4082
118070,ItemCF,2,3128182,0.3244
118070,ItemCF,3,2904957,0.2887
118149,UserCF,1,2290682,1.9414
118149,UserCF,2,2522093,0.9856
118149,UserCF,3,2764746,0.8556
118149,ItemCF,1,2290682,0.448
118149,ItemCF,2,3570134,0.2887
118149,ItemCF,3,1168259,0.2835
119229,UserCF,1,4283735,0.5477
119229,UserCF,2,4414849,0.5477
119229,UserCF,3,3472936,0.4082
119229,ItemCF,1,1234601,0.5
119229,ItemCF,2,4225949,0.4082
119229,ItemCF,3,2314619,0.2887
119544,UserCF,1,2575122,0.8165
119544,UserCF,2,2364679,0.6969
119544,UserCF,3,1606615,0.5477
119544,ItemCF,1,1606615,0.3974
119544,ItemCF,2,2575122,0.2697
119544,ItemCF,3,256045,0.2582
120494,UserCF,1,3933499,0.5601
120494,UserCF,2,1636256,0.5443
120494,UserCF,3,3810173,0.5222
120494,ItemCF,1,4350962,0.4743
120494,ItemCF,2,1636256,0.3234
120494,ItemCF,3,3933499,0.3162
120906,UserCF,1,5026569,1.0
120906,UserCF,2,119873,0.6708
120906,UserCF,3,4007280,0.6325
120906,ItemCF,1,119873,0.3974
120906,ItemCF,2,3298169,0.3536
120906,ItemCF,3,4007280,0.2649
120942,UserCF,1,2346387,0.7833
120942,UserCF,2,3708121,0.6124
120942,UserCF,3,240034,0.6124
120942,ItemCF,1,2346387,0.5
120942,ItemCF,2,4052292,0.3162
120942,ItemCF,3,1499183,0.2887
121442,UserCF,1,2032668,1.9313
121442,UserCF,2,94892,0.7071
121442,UserCF,3,3724318,0.5774
121442,ItemCF,1,2032668,0.469
121442,ItemCF,2,5105730,0.378
121442,ItemCF,3,1532176,0.2182
121575,UserCF,1,2601044,1.3856
121575,UserCF,2,2565270,1.3387
121575,UserCF,3,1092652,0.9305
121575,ItemCF,1,4038767,0.4082
121575,ItemCF,2,2601044,0.3608
121575,ItemCF,3,3983173,0.3397
121847,UserCF,1,1336167,0.6708
121847,UserCF,2,2523496,0.6708
121847,UserCF,3,2667139,0.6708
121847,ItemCF,1,1336167,0.3873
121847,ItemCF,2,760403,0.3441
121847,ItemCF,3,4559286,0.2335
122378,UserCF,1,4366730,0.7804
122378,UserCF,2,2648375,0.7037
122378,UserCF,3,4681909,0.629
122378,ItemCF,1,1228106,0.7559
122378,ItemCF,2,4838935,0.3213
122378,ItemCF,3,5116409,0.3111
122596,UserCF,1,2781924,0.8581
122596,UserCF,2,3330377,0.6396
122596,UserCF,3,692510,0.6225
122596,ItemCF,1,2781924,1.1339
122596,ItemCF,2,692510,0.5249
122596,ItemCF,3,593629,0.3381
122662,UserCF,1,1988091,0.6963
122662,UserCF,2,646297,0.6963
122662,UserCF,3,1683212,0.603
122662,ItemCF,1,1988091,0.593
122662,ItemCF,2,3958329,0.4529
122662,ItemCF,3,4013001,0.4529
122727,UserCF,1,987143,0.7416
122727,UserCF,2,3139742,0.5222
122727,UserCF,3,2674554,0.5222
122727,ItemCF,1,345622,0.3536
122727,ItemCF,2,4312135,0.25
122727,ItemCF,3,3139742,0.2466
122770,UserCF,1,1866283,0.6508
122770,UserCF,2,6311,0.6364
122770,UserCF,3,4002931,0.6
122770,ItemCF,1,1866283,1.0142
122770,ItemCF,2,4410182,0.7252
122770,ItemCF,3,4002931,0.7171
123167,UserCF,1,5069542,1.2247
123167,UserCF,2,2342635,0.6963
123167,UserCF,3,2266124,0.5601
123167,ItemCF,1,5069542,0.4629
123167,ItemCF,2,432334,0.375
123167,ItemCF,3,844517,0.3536
123181,UserCF,1,624078,0.5477
123181,UserCF,2,2661917,0.5164
123181,UserCF,3,2138013,0.5164
123181,ItemCF,1,4576330,0.3873
123181,ItemCF,2,5115689,0.3536
123181,ItemCF,3,2661917,0.3086
123710,UserCF,1,2161188,0.8165
123710,UserCF,2,2342635,0.6963
123710,UserCF,3,2266124,0.5601
123710,ItemCF,1,432334,0.375
123710,ItemCF,2,3656767,0.3162
123710,ItemCF,3,2161188,0.291
123755,UserCF,1,1131455,1.0
123755,UserCF,2,4649427,0.8165
123755,UserCF,3,3624285,0.686
123755,ItemCF,1,1733189,0.2887
123755,ItemCF,2,2530033,0.189
123755,ItemCF,3,2641122,0.1879
123868,UserCF,1,2229603,0.9608
123868,UserCF,2,3246733,0.5504
123868,UserCF,3,2331370,0.5443
123868,ItemCF,1,3137405,0.6396
123868,ItemCF,2,2229603,0.5443
123868,ItemCF,3,3722102,0.3693
124453,UserCF,1,2016392,0.9258
124453,UserCF,2,2338453,0.7698
124453,UserCF,3,4746882,0.7416
124453,ItemCF,1,3225981,0.433
124453,ItemCF,2,1500112,0.3536
124453,ItemCF,3,3057261,0.3162
124568,UserCF,1,812879,2.1151
124568,UserCF,2,779670,1.2582
124568,UserCF,3,1441528,1.0
124568,ItemCF,1,2567715,0.3536
124568,ItemCF,2,1441528,0.2554
124568,ItemCF,3,329425,0.2004
124621,UserCF,1,2453685,0.6969
124621,UserCF,2,806185,0.5601
124621,UserCF,3,2484493,0.5477
124621,ItemCF,1,806185,0.2003
124621,ItemCF,2,5042305,0.1952
124621,ItemCF,3,3388117,0.189
124790,UserCF,1,1204358,0.5744
124790,UserCF,2,3209415,0.5657
124790,UserCF,3,3840397,0.541
124790,ItemCF,1,4948576,0.2887
124790,ItemCF,2,4119860,0.2887
124790,ItemCF,3,2968120,0.2887
124982,UserCF,1,3246733,1.2196
124982,UserCF,2,5009650,0.4472
124982,UserCF,3,2922853,0.3536
124982,ItemCF,1,607817,0.4082
124982,ItemCF,2,3246733,0.2684
124982,ItemCF,3,1534121,0.2357
125425,UserCF,1,3784551,0.5
125425,UserCF,2,3395871,0.5
125425,UserCF,3,138964,0.5
125425,ItemCF,1,3784551,0.1066
125425,ItemCF,2,3480026,0.1066
125425,ItemCF,3,1816320,0.0953
125603,UserCF,1,3274189,0.4082
125603,UserCF,2,4848388,0.4082
125603,UserCF,3,4201924,0.4082
125603,ItemCF,1,441253,0.5
125603,ItemCF,2,4848388,0.2357
125603,ItemCF,3,2036420,0.2357
125815,UserCF,1,2144514,0.6667
125815,UserCF,2,3014920,0.5
125815,UserCF,3,706266,0.2845
125815,ItemCF,1,3014920,0.7526
125815,ItemCF,2,2144514,0.4339
125815,ItemCF,3,1668006,0.2165
125905,UserCF,1,5119968,0.6325
125905,UserCF,2,8154,0.6325
125905,UserCF,3,3847054,0.3162
125905,ItemCF,1,3063190,0.4082
125905,ItemCF,2,3847054,0.2887
125905,ItemCF,3,5119968,0.2462
125987,UserCF,1,2331370,1.1498
125987,UserCF,2,3493253,0.8811
125987,UserCF,3,3520504,0.5
125987,ItemCF,1,393188,0.5477
125987,ItemCF,2,770314,0.2887
125987,ItemCF,3,619901,0.2357
126441,UserCF,1,1009464,1.633
126441,UserCF,2,5062984,1.1079
126441,UserCF,3,5051027,0.8497
126441,ItemCF,1,3078532,0.4121
126441,ItemCF,2,1009464,0.3947
126441,ItemCF,3,4078440,0.3172
126843,UserCF,1,1045382,0.7746
126843,UserCF,2,2490798,0.5774
126843,UserCF,3,2161195,0.5774
126843,ItemCF,1,2490798,0.6667
126843,ItemCF,2,1169462,0.3536
126843,ItemCF,3,1045382,0.305
127079,UserCF,1,2583697,0.5443
127079,UserCF,2,735415,0.5164
127079,UserCF,3,4448187,0.4364
127079,ItemCF,1,2469785,0.4082
127079,ItemCF,2,2583697,0.305
127079,ItemCF,3,2421709,0.2887
127133,UserCF,1,3141857,0.5222
127133,UserCF,2,2268318,0.5222
127133,UserCF,3,2028504,0.4082
127133,ItemCF,1,4460109,0.4082
127133,ItemCF,2,2268318,0.3873
127133,ItemCF,3,3286719,0.2673
127262,UserCF,1,3892770,1.8468
127262,UserCF,2,1282695,0.8208
127262,UserCF,3,4283481,0.6325
127262,ItemCF,1,3194817,0.7559
127262,ItemCF,2,3892770,0.7171
127262,ItemCF,3,1282695,0.3722
127295,UserCF,1,6311,0.7303
127295,UserCF,2,3747847,0.5477
127295,UserCF,3,812879,0.5222
127295,ItemCF,1,2018010,0.3922
127295,ItemCF,2,48680,0.3922
127295,ItemCF,3,4698996,0.2481
127747,UserCF,1,2744966,0.5164
127747,UserCF,2,3921727,0.5
127747,UserCF,3,44258,0.4082
127747,ItemCF,1,1792750,0.2887
127747,ItemCF,2,3921727,0.2835
127747,ItemCF,3,1860495,0.2582
127885,UserCF,1,56037,0.4851
127885,UserCF,2,3150660,0.4743
127885,UserCF,3,1036148,0.4523
127885,ItemCF,1,3937700,0.4082
127885,ItemCF,2,3150660,0.4009
127885,ItemCF,3,3892354,0.2887
127950,UserCF,1,2102225,0.8944
127950,UserCF,2,2851250,0.6667
127950,UserCF,3,4092373,0.3889
127950,ItemCF,1,2102225,1.1547
127950,ItemCF,2,2851250,0.5443
127950,ItemCF,3,4092373,0.4564
128115,UserCF,1,279482,0.8165
128115,UserCF,2,2453685,0.6969
128115,UserCF,3,806185,0.5601
128115,ItemCF,1,279482,0.5345
128115,ItemCF,2,2469785,0.4082
128115,ItemCF,3,2738362,0.25
128470,UserCF,1,17779,0.7698
128470,UserCF,2,3128182,0.5477
128470,UserCF,3,1154789,0.5477
128470,ItemCF,1,3237939,0.4472
128470,ItemCF,2,2115332,0.3721
128470,ItemCF,3,760403,0.3441
129400,UserCF,1,3868419,1.0
129400,UserCF,2,1692072,0.6708
129400,UserCF,3,4253629,0.6396
129400,ItemCF,1,3356614,0.4364
129400,ItemCF,2,1491477,0.4364
129400,ItemCF,3,4415105,0.3849
129620,UserCF,1,2661210,0.823
129620,UserCF,2,197592,0.504
129620,UserCF,3,4314945,0.504
129620,ItemCF,1,2661210,0.6295
129620,ItemCF,2,1520281,0.5298
129620,ItemCF,3,197592,0.5298
129654,UserCF,1,3289795,0.971
129654,UserCF,2,677642,0.7171
129654,UserCF,3,3500289,0.5345
129654,ItemCF,1,677642,0.4388
129654,ItemCF,2,5130015,0.4082
129654,ItemCF,3,3694602,0.2611
129655,UserCF,1,2314640,0.5477
129655,UserCF,2,407583,0.4804
129655,UserCF,3,3012260,0.4082
129655,ItemCF,1,2314640,0.3015
129655,ItemCF,2,3380674,0.2582
129655,ItemCF,3,1196798,0.2182
129899,UserCF,1,2443940,0.8023
129899,UserCF,2,3755965,0.7385
129899,UserCF,3,2828948,0.6667
129899,ItemCF,1,1220876,0.416
129899,ItemCF,2,3755965,0.3536
129899,ItemCF,3,2443940,0.2712
129991,UserCF,1,3459820,0.5477
129991,UserCF,2,4262924,0.5222
129991,UserCF,3,3397177,0.5222
129991,ItemCF,1,3459820,0.6396
129991,ItemCF,2,3397177,0.4629
129991,ItemCF,3,1913906,0.3536
130358,UserCF,1,5069542,1.5
130358,UserCF,2,2116438,0.6708
130358,UserCF,3,4047445,0.6325
130358,ItemCF,1,5069542,0.4629
130358,ItemCF,2,1075959,0.1715
130358,ItemCF,3,2116438,0.1667
130593,UserCF,1,2881595,0.8165
130593,UserCF,2,3031354,0.8165
130593,UserCF,3,4089470,0.5477
130593,ItemCF,1,278610,0.2157
130593,ItemCF,2,4089470,0.2046
130593,ItemCF,3,1379885,0.1581
130909,UserCF,1,3011437,1.1325
130909,UserCF,2,832991,0.5883
130909,UserCF,3,3218901,0.5
130909,ItemCF,1,1844053,0.2981
130909,ItemCF,2,832991,0.2535
130909,ItemCF,3,3011437,0.2462
131284,UserCF,1,4650609,0.6667
131284,UserCF,2,248678,0.6667
131284,UserCF,3,3890594,0.4082
131284,ItemCF,1,4650609,0.6761
131284,ItemCF,2,248678,0.5345
131284,ItemCF,3,2452444,0.4472
131846,UserCF,1,4975009,0.7698
131846,UserCF,2,3128182,0.7303
131846,UserCF,3,619538,0.5222
131846,ItemCF,1,3194817,0.4082
131846,ItemCF,2,3128182,0.3244
131846,ItemCF,3,4975009,0.3015
132357,UserCF,1,2015258,0.6396
132357,UserCF,2,2968120,0.6325
132357,UserCF,3,3011437,0.6325
132357,ItemCF,1,3772959,0.378
132357,ItemCF,2,2060422,0.3273
132357,ItemCF,3,2015258,0.2372
132561,UserCF,1,2444790,0.433
132561,UserCF,2,1988091,0.4082
132561,UserCF,3,441382,0.4082
132561,ItemCF,1,2444790,0.4082
132561,ItemCF,2,441382,0.3651
132561,ItemCF,3,1988091,0.3086
132978,UserCF,1,507611,1.5195
132978,UserCF,2,2565270,0.8286
132978,UserCF,3,3332546,0.6667
132978,ItemCF,1,507611,0.8273
132978,ItemCF,2,1595279,0.4264
132978,ItemCF,3,909804,0.3536
133176,UserCF,1,1423087,1.2247
133176,UserCF,2,3727905,0.9553
133176,UserCF,3,3937204,0.7054
133176,ItemCF,1,1423087,0.3343
133176,ItemCF,2,2161862,0.2309
133176,ItemCF,3,5024842,0.1857
133230,UserCF,1,3209415,0.6708
133230,UserCF,2,4835633,0.5774
133230,UserCF,3,2338453,0.5345
133230,ItemCF,1,2859216,0.2236
133230,ItemCF,2,1500142,0.2222
133230,ItemCF,3,3209415,0.1732
133699,UserCF,1,4608162,1.1619
133699,UserCF,2,3124209,0.5222
133699,UserCF,3,3727077,0.4082
133699,ItemCF,1,4608162,0.8581
133699,ItemCF,2,962980,0.4045
133699,ItemCF,3,3823469,0.3198
133817,UserCF,1,2674554,1.1339
133817,UserCF,2,646297,0.8797
133817,UserCF,3,3493253,0.8137
133817,ItemCF,1,609574,0.3638
133817,ItemCF,2,2674554,0.3509
133817,ItemCF,3,4082554,0.2673
134023,UserCF,1,1458986,0.9733
134023,UserCF,2,619538,0.9177
134023,UserCF,3,452890,0.8706
134023,ItemCF,1,452890,0.967
134023,ItemCF,2,4586628,0.7385
134023,ItemCF,3,619538,0.5222
134263,UserCF,1,4559286,0.75
134263,UserCF,2,3237277,0.5
134263,UserCF,3,4503852,0.4541
134263,ItemCF,1,4559286,0.8182
134263,ItemCF,2,342787,0.6124
134263,ItemCF,3,4557399,0.4629
134673,UserCF,1,4014872,0.6708
134673,UserCF,2,4662215,0.5
134673,ItemCF,1,4014872,0.6708
134673,ItemCF,2,4662215,0.5
135110,UserCF,1,17779,1.1926
135110,UserCF,2,4649427,1.0517
135110,UserCF,3,3128182,0.8485
135110,ItemCF,1,4562422,0.417
135110,ItemCF,2,17779,0.3556
135110,ItemCF,3,1565339,0.3344
135260,UserCF,1,1482535,1.1316
135260,UserCF,2,2204577,0.9427
135260,UserCF,3,7427,0.8261
135260,ItemCF,1,4475909,0.4472
135260,ItemCF,2,1482535,0.4227
135260,ItemCF,3,7427,0.3729
135653,UserCF,1,2644984,1.2
135653,UserCF,2,3031354,0.9571
135653,UserCF,3,1497171,0.8658
135653,ItemCF,1,2644984,0.8402
135653,ItemCF,2,3504009,0.4041
135653,ItemCF,3,4142409,0.3162
135763,UserCF,1,3983173,0.5477
135763,UserCF,2,5147478,0.4082
135763,UserCF,3,3286719,0.4082
135763,ItemCF,1,3983173,0.3397
135763,ItemCF,2,3286719,0.2673
135763,ItemCF,3,631058,0.2357
137255,UserCF,1,3529591,1.2968
137255,UserCF,2,4366730,1.1921
137255,UserCF,3,4681909,0.9608
137255,ItemCF,1,4109333,0.3094
137255,ItemCF,2,4366730,0.3073
137255,ItemCF,3,1808993,0.1961
137598,UserCF,1,3167983,0.5601
137598,UserCF,2,5080877,0.5477
137598,UserCF,3,1668172,0.5477
137598,ItemCF,1,4023904,0.3508
137598,ItemCF,2,3167983,0.2767
137598,ItemCF,3,4401011,0.2727
138457,UserCF,1,1399650,0.5601
138457,UserCF,2,1482535,0.5443
138457,UserCF,3,2981742,0.5
138457,ItemCF,1,1399650,0.4
138457,ItemCF,2,41897,0.2236
138457,ItemCF,3,642845,0.2041
138554,UserCF,1,1248649,0.7416
138554,UserCF,2,84691,0.4629
138554,UserCF,3,1846009,0.4629
138554,ItemCF,1,1045330,0.5774
138554,ItemCF,2,2636544,0.3162
138554,ItemCF,3,2459513,0.25
138899,UserCF,1,1423087,1.6036
138899,UserCF,2,3716622,0.6761
138899,UserCF,3,2943413,0.5345
138899,ItemCF,1,1423087,0.6685
138899,ItemCF,2,1967498,0.416
138899,ItemCF,3,2494944,0.3062
139022,UserCF,1,3844798,1.2649
139022,UserCF,2,4301452,0.6708
139022,UserCF,3,3209415,0.4472
139022,ItemCF,1,3844798,0.9961
139022,ItemCF,2,4301452,0.61
139022,ItemCF,3,3209415,0.4869
139056,UserCF,1,1853155,0.8581
139056,UserCF,2,4604631,0.6396
139056,UserCF,3,2079722,0.5222
139056,ItemCF,1,1853155,0.5582
139056,ItemCF,2,4604631,0.3354
139056,ItemCF,3,2333548,0.3068
139070,UserCF,1,3919770,0.4743
139070,UserCF,2,4748383,0.4523
139070,UserCF,3,2250189,0.4472
139070,ItemCF,1,4748383,0.3162
139070,ItemCF,2,665847,0.25
139070,ItemCF,3,3919770,0.2425
139361,UserCF,1,692510,1.1921
139361,UserCF,2,4443059,1.1619
139361,UserCF,3,3289795,0.7416
139361,ItemCF,1,692510,0.5249
139361,ItemCF,2,87843,0.4009
139361,ItemCF,3,4604631,0.2859
139443,UserCF,1,3799903,0.8581
139443,UserCF,2,1951985,0.2509
139443,UserCF,3,1989476,0.2279
139443,ItemCF,1,3799903,1.0607
139443,ItemCF,2,432334,0.3162
139443,ItemCF,3,1951985,0.2372
140114,UserCF,1,3160234,0.6667
140114,UserCF,2,3805812,0.5222
140114,UserCF,3,1534645,0.5
140114,ItemCF,1,2658035,0.5
140114,ItemCF,2,1750706,0.4472
140114,ItemCF,3,3805812,0.416
140186,UserCF,1,475851,0.6708
140186,UserCF,2,2955320,0.5721
140186,UserCF,3,3011437,0.4846
140186,ItemCF,1,2955320,0.5855
140186,ItemCF,2,3575048,0.378
140186,ItemCF,3,2857790,0.3223
140897,UserCF,1,24834,0.9487
140897,UserCF,2,552700,0.798
140897,UserCF,3,2285524,0.5744
140897,ItemCF,1,24834,0.4215
140897,ItemCF,2,1137390,0.3333
140897,ItemCF,3,3193375,0.2887
141159,UserCF,1,259923,0.8581
141159,UserCF,2,1859883,0.8182
141159,UserCF,3,1044710,0.809
141159,ItemCF,1,1859883,0.5883
141159,ItemCF,2,1044710,0.5774
141159,ItemCF,3,1882084,0.5
141441,UserCF,1,4807195,0.8137
141441,UserCF,2,2766118,0.7895
141441,UserCF,3,1962765,0.6396
141441,ItemCF,1,2766118,0.6414
141441,ItemCF,2,4364467,0.4201
141441,ItemCF,3,1316065,0.3586
141521,UserCF,1,3031354,0.5684
141521,UserCF,2,178070,0.5477
141521,UserCF,3,1108311,0.5164
141521,ItemCF,1,178070,0.416
141521,ItemCF,2,5067429,0.25
141521,ItemCF,3,4245608,0.2004
141622,UserCF,1,2032668,1.9414
141622,UserCF,2,980099,0.6667
141622,UserCF,3,4361656,0.5915
141622,ItemCF,1,2032668,0.448
141622,ItemCF,2,3588056,0.4472
141622,ItemCF,3,4201576,0.189
141685,UserCF,1,2790543,2.361
141685,UserCF,2,1562036,1.1101
141685,UserCF,3,4616932,0.8797
141685,ItemCF,1,2091937,1.591
141685,ItemCF,2,1562036,1.4137
141685,ItemCF,3,2790543,0.9306
142117,UserCF,1,3477398,1.2247
142117,UserCF,2,206456,0.6969
142117,UserCF,3,5057288,0.5477
142117,ItemCF,1,3477398,0.6944
142117,ItemCF,2,4838935,0.239
142117,ItemCF,3,3868165,0.1936
142443,UserCF,1,2204577,1.4296
142443,UserCF,2,4215633,1.3937
142443,UserCF,3,1589505,0.8528
142443,ItemCF,1,4215633,0.6761
142443,ItemCF,2,1636453,0.5
142443,ItemCF,3,2659235,0.5
143001,UserCF,1,3243661,0.4714
143001,UserCF,2,2667139,0.4714
143001,UserCF,3,4954999,0.4364
143001,ItemCF,1,963243,0.3162
143001,ItemCF,2,1773676,0.2582
143001,ItemCF,3,1532423,0.2582
143066,UserCF,1,2042828,1.633
143066,UserCF,2,3147410,0.5601
143066,UserCF,3,3780669,0.4714
143066,ItemCF,1,2042828,0.6285
143066,ItemCF,2,3780669,0.5
143066,ItemCF,3,2068350,0.2041
143189,UserCF,1,3868419,0.8165
143189,UserCF,2,895163,0.8165
143189,UserCF,3,2319849,0.5774
143189,ItemCF,1,3778205,0.3162
143189,ItemCF,2,3729186,0.3162
143189,ItemCF,3,895163,0.291
143924,UserCF,1,740947,1.1921
143924,UserCF,2,4382233,0.7698
143924,UserCF,3,4498936,0.5601
143924,ItemCF,1,4498936,0.5
143924,ItemCF,2,740947,0.4413
143924,ItemCF,3,3225981,0.433
143969,UserCF,1,372144,0.7071
143969,UserCF,2,713170,0.4743
143969,UserCF,3,857602,0.4743
143969,ItemCF,1,372144,0.5345
143969,ItemCF,2,2652265,0.3536
143969,ItemCF,3,1683212,0.3198
144047,UserCF,1,2044918,0.5477
144047,UserCF,2,200003,0.5477
144047,UserCF,3,1577659,0.5443
144047,ItemCF,1,441185,0.5669
144047,ItemCF,2,5019489,0.5477
144047,ItemCF,3,5141125,0.4009
144768,UserCF,1,2538351,0.8308
144768,UserCF,2,2688385,0.6529
144768,UserCF,3,2364679,0.6384
144768,ItemCF,1,2847583,0.5477
144768,ItemCF,2,2674554,0.3803
144768,ItemCF,3,2688385,0.3182
144890,UserCF,1,2948329,0.7887
144890,UserCF,2,1858115,0.5
144890,UserCF,3,650719,0.5
144890,ItemCF,1,963243,0.3162
144890,ItemCF,2,390361,0.3162
144890,ItemCF,3,4103594,0.2236
144988,UserCF,1,4975610,0.5
144988,UserCF,2,4990267,0.5
144988,UserCF,3,4622270,0.5
144988,ItemCF,1,688897,0.4082
144988,ItemCF,2,4975610,0.2887
144988,ItemCF,3,4990267,0.2887
145291,UserCF,1,3163923,0.6944
145291,UserCF,2,1631329,0.6944
145291,UserCF,3,3246733,0.6257
145291,ItemCF,1,3163923,0.5692
145291,ItemCF,2,1563911,0.4743
145291,ItemCF,3,206240,0.4472
145443,UserCF,1,781936,1.2496
145443,UserCF,2,890126,1.2196
145443,UserCF,3,2922853,1.1391
145443,ItemCF,1,3012260,0.4281
145443,ItemCF,2,2922853,0.4242
145443,ItemCF,3,999828,0.4009
145492,UserCF,1,4681909,0.6667
145492,UserCF,2,4047445,0.6325
145492,UserCF,3,3077270,0.5
145492,ItemCF,1,1439195,0.4472
145492,ItemCF,2,4681909,0.3508
145492,ItemCF,3,2556201,0.2887
145612,UserCF,1,3084376,1.5
145612,UserCF,2,3783464,1.2053
145612,UserCF,3,207994,0.9428
145612,ItemCF,1,2115332,0.4804
145612,ItemCF,2,395399,0.3612
145612,ItemCF,3,4808361,0.3333
145626,UserCF,1,2280030,0.7071
145626,UserCF,2,15331,0.4851
145626,UserCF,3,3853076,0.4743
145626,ItemCF,1,1400600,0.3536
145626,ItemCF,2,752740,0.3162
145626,ItemCF,3,4381701,0.25
145642,UserCF,1,4503852,1.1618
145642,UserCF,2,2028434,0.6396
145642,UserCF,3,5069839,0.5222
145642,ItemCF,1,2143304,0.7276
145642,ItemCF,2,4503852,0.6508
145642,ItemCF,3,3231778,0.5145
145750,UserCF,1,145860,1.1314
145750,UserCF,2,2284378,0.9428
145750,UserCF,3,4569272,0.6708
145750,ItemCF,1,1113979,0.4629
145750,ItemCF,2,145860,0.3086
145750,ItemCF,3,4569272,0.2315
145824,UserCF,1,3416420,0.9045
145824,UserCF,2,1891122,0.9045
145824,UserCF,3,4559286,0.7071
145824,ItemCF,1,3416420,0.6124
145824,ItemCF,2,1891122,0.3062
145824,ItemCF,3,4559286,0.087
145828,UserCF,1,2850806,0.8536
145828,UserCF,2,4363721,0.6708
145828,UserCF,3,2762212,0.6325
145828,ItemCF,1,3781993,0.2132
145828,ItemCF,2,2426809,0.2132
145828,ItemCF,3,4363721,0.2075
146035,UserCF,1,1843785,0.7485
146035,UserCF,2,3840397,0.7206
146035,UserCF,3,3931614,0.6923
146035,ItemCF,1,4061696,0.6
146035,ItemCF,2,3931614,0.5196
146035,ItemCF,3,1185244,0.4743
146064,UserCF,1,3360483,0.7734
146064,UserCF,2,448625,0.7303
146064,UserCF,3,3933957,0.4082
146064,ItemCF,1,448625,0.4472
146064,ItemCF,2,3427304,0.2942
146064,ItemCF,3,4113687,0.2942
146098,UserCF,1,3128458,0.5
146098,UserCF,2,3159779,0.5
146098,UserCF,3,1613031,0.5
146098,ItemCF,1,312026,0.3015
146098,ItemCF,2,1137390,0.2887
146098,ItemCF,3,2829413,0.2236
146144,UserCF,1,1172214,1.0
146144,UserCF,2,3676378,0.6396
146144,UserCF,3,3845720,0.5
146144,ItemCF,1,1172214,0.7559
146144,ItemCF,2,963616,0.3162
146144,ItemCF,3,3676378,0.2106
146221,UserCF,1,2764746,0.8536
146221,UserCF,2,3597425,0.8536
146221,UserCF,3,393880,0.7618
146221,ItemCF,1,4170014,0.1581
146221,ItemCF,2,2900535,0.1519
146221,ItemCF,3,3266415,0.1491
146224,UserCF,1,2900535,1.029
146224,UserCF,2,4870508,0.5
146224,UserCF,3,4112623,0.5
146224,ItemCF,1,2900535,0.629
146224,ItemCF,2,2228609,0.2887
146224,ItemCF,3,4112623,0.2673
146578,UserCF,1,3783464,0.9305
146578,UserCF,2,3529591,0.7804
146578,UserCF,3,812879,0.7416
146578,ItemCF,1,2060422,0.375
146578,ItemCF,2,11517,0.3143
146578,ItemCF,3,4109333,0.3094
146590,UserCF,1,295057,0.5883
146590,UserCF,2,3141058,0.5
146590,UserCF,3,3028769,0.5
146590,ItemCF,1,295057,0.433
146590,ItemCF,2,135271,0.2673
146590,ItemCF,3,191131,0.25
146593,UserCF,1,6311,0.8944
146593,UserCF,2,3747847,0.6708
146593,UserCF,3,812879,0.6396
146593,ItemCF,1,259245,0.2722
146593,ItemCF,2,3747847,0.2075
146593,ItemCF,3,2174909,0.2041
146638,UserCF,1,3669736,0.686
146638,UserCF,2,1808205,0.6708
146638,UserCF,3,3190050,0.5
146638,ItemCF,1,596763,0.2887
146638,ItemCF,2,3669736,0.252
146638,ItemCF,3,1808205,0.207
146651,UserCF,1,2253111,0.6396
146651,UserCF,2,1906885,0.6396
146651,UserCF,3,2088555,0.6325
146651,ItemCF,1,2088555,0.3333
146651,ItemCF,2,1906885,0.2509
146651,ItemCF,3,2253111,0.2308
146663,UserCF,1,2205043,0.6708
146663,UserCF,2,2590027,0.6396
146663,UserCF,3,3493903,0.6396
146663,ItemCF,1,2590027,0.4629
146663,ItemCF,2,3493903,0.2315
146663,ItemCF,3,2205043,0.2143
146932,UserCF,1,4692332,1.0954
146932,UserCF,2,5069556,1.0
146932,UserCF,3,3756418,0.5
146932,ItemCF,1,4692332,0.6667
146932,ItemCF,2,5069556,0.3143
146932,ItemCF,3,1525411,0.2357
146948,UserCF,1,3933499,0.686
146948,UserCF,2,4102893,0.6708
146948,UserCF,3,207994,0.6396
146948,ItemCF,1,4350962,0.4743
146948,ItemCF,2,3933499,0.3162
146948,ItemCF,3,3810173,0.2372
146996,UserCF,1,2453685,0.8536
146996,UserCF,2,7427,0.5
146996,UserCF,3,4076578,0.3536
146996,ItemCF,1,4017585,0.3536
146996,ItemCF,2,4076578,0.3536
146996,ItemCF,3,1131337,0.2887
147113,UserCF,1,4707756,0.6396
147113,UserCF,2,1223110,0.6396
147113,UserCF,3,814535,0.6325
147113,ItemCF,1,4707756,0.3464
147113,ItemCF,2,814535,0.2041
147113,ItemCF,3,1223110,0.1328
147204,UserCF,1,1482535,1.46
147204,UserCF,2,4591048,0.5
147204,UserCF,3,4475909,0.4867
147204,ItemCF,1,164383,0.5
147204,ItemCF,2,4475909,0.4472
147204,ItemCF,3,1482535,0.3721
147213,UserCF,1,1493764,1.6971
147213,UserCF,2,2701598,0.6708
147213,UserCF,3,2834927,0.5
147213,ItemCF,1,1493764,0.7778
147213,ItemCF,2,2701598,0.3873
147213,ItemCF,3,1882084,0.2673
147258,UserCF,1,3814465,0.5601
147258,UserCF,2,2462901,0.5601
147258,UserCF,3,2277314,0.2194
147258,ItemCF,1,2462901,0.9701
147258,ItemCF,2,2277314,0.2601
147258,ItemCF,3,3718042,0.2417
147368,UserCF,1,2795669,0.686
147368,UserCF,2,1866283,0.6708
147368,UserCF,3,4199489,0.6396
147368,ItemCF,1,292674,0.2887
147368,ItemCF,2,1866283,0.2206
147368,ItemCF,3,4460109,0.1925
147439,UserCF,1,4739010,0.6325
147439,UserCF,2,3055010,0.5164
147439,UserCF,3,3676554,0.5164
147439,ItemCF,1,3055010,0.3086
147439,ItemCF,2,3732752,0.3086
147439,ItemCF,3,1717573,0.2673
147580,UserCF,1,3209415,0.5477
147580,UserCF,2,5036799,0.5
147580,UserCF,3,4835633,0.4714
147580,ItemCF,1,441179,0.2887
147580,ItemCF,2,4117417,0.2887
147580,ItemCF,3,1441864,0.2357
147608,UserCF,1,2948329,1.252
147608,UserCF,2,1898852,0.6396
147608,UserCF,3,1889520,0.6124
147608,ItemCF,1,1898852,0.2535
147608,ItemCF,2,2948329,0.2004
147608,ItemCF,3,5050242,0.189
147615,UserCF,1,4649427,0.6708
147615,UserCF,2,2762212,0.5
147615,UserCF,3,3403812,0.5
147615,ItemCF,1,4649427,0.3094
147615,ItemCF,2,4593515,0.1826
147615,ItemCF,3,1999435,0.1826
147624,UserCF,1,1886236,0.7845
147624,UserCF,2,4216439,0.7845
147624,UserCF,3,1336167,0.7618
147624,ItemCF,1,1517929,0.1952
147624,ItemCF,2,4216439,0.169
147624,ItemCF,3,3025388,0.169
147818,UserCF,1,3169705,1.0
147818,UserCF,2,2430564,0.6708
147818,UserCF,3,3288464,0.6325
147818,ItemCF,1,2430564,0.4629
147818,ItemCF,2,1848355,0.2887
147818,ItemCF,3,3169705,0.276
147882,UserCF,1,138964,1.2344
147882,UserCF,2,386100,0.6708
147882,UserCF,3,4846705,0.6396
147882,ItemCF,1,4098490,0.4472
147882,ItemCF,2,138964,0.369
147882,ItemCF,3,2383090,0.3162
147954,UserCF,1,2531901,0.9
147954,UserCF,2,4080531,0.6708
147954,UserCF,3,4400371,0.6708
147954,ItemCF,1,2531901,0.6944
147954,ItemCF,2,2328691,0.433
147954,ItemCF,3,4080531,0.3536
147964,UserCF,1,6852,0.6708
147964,UserCF,2,1532601,0.5774
147964,UserCF,3,4117417,0.5
147964,ItemCF,1,6852,0.2887
147964,ItemCF,2,1532601,0.252
147964,ItemCF,3,4117417,0.2357
148243,UserCF,1,3231778,0.6708
148243,UserCF,2,300812,0.6708
148243,UserCF,3,4505717,0.6396
148243,ItemCF,1,3231778,0.416
148243,ItemCF,2,300812,0.2942
148243,ItemCF,3,1643009,0.1961
148297,UserCF,1,3485136,2.3165
148297,UserCF,2,3004746,1.4428
148297,UserCF,3,3167983,0.686
148297,ItemCF,1,3485136,0.3235
148297,ItemCF,2,3167983,0.2767
148297,ItemCF,3,4401011,0.2727
148303,UserCF,1,2603039,0.8165
148303,UserCF,2,181419,0.7618
148303,UserCF,3,4202788,0.6708
148303,ItemCF,1,2010880,0.1793
148303,ItemCF,2,3828859,0.1581
148303,ItemCF,3,952107,0.1581
148324,UserCF,1,2762212,1.3325
148324,UserCF,2,4773524,0.8581
148324,UserCF,3,3704297,0.8581
148324,ItemCF,1,3575048,0.7661
148324,ItemCF,2,2487905,0.5417
148324,ItemCF,3,4773524,0.4423
148357,UserCF,1,4293038,1.0
148357,UserCF,2,1275312,0.8536
148357,UserCF,3,1196798,0.6325
148357,ItemCF,1,2066676,0.5145
148357,ItemCF,2,678828,0.5145
148357,ItemCF,3,1196798,0.2182
148554,UserCF,1,4866028,0.5
148554,UserCF,2,2357774,0.5
148554,UserCF,3,1174823,0.5
148554,ItemCF,1,617494,0.4082
148554,ItemCF,2,4866028,0.2673
148554,ItemCF,3,904206,0.2182
148618,UserCF,1,1101501,0.9487
148618,UserCF,2,1319220,0.7071
148618,UserCF,3,1029606,0.7071
148618,ItemCF,1,1101501,0.3536
148618,ItemCF,2,1319220,0.2887
148618,ItemCF,3,4565615,0.2357
148619,UserCF,1,4858377,0.7071
148619,UserCF,2,3513748,0.7071
148619,UserCF,3,3190191,0.7071
148619,ItemCF,1,97714,0.1826
148619,ItemCF,2,3190191,0.1581
148619,ItemCF,3,1706855,0.1581
148621,UserCF,1,3139742,0.6396
148621,UserCF,2,4544013,0.5
148621,UserCF,3,4108585,0.4082
148621,ItemCF,1,4312135,0.25
148621,ItemCF,2,3139742,0.2466
148621,ItemCF,3,4108585,0.2041
148685,UserCF,1,1720105,1.481
148685,UserCF,2,3452114,0.8
148685,UserCF,3,3845720,0.6325
148685,ItemCF,1,1720105,0.593
148685,ItemCF,2,2254268,0.3086
148685,ItemCF,3,3784551,0.2673
149203,UserCF,1,1402604,1.3008
149203,UserCF,2,4839658,1.0324
149203,UserCF,3,3256898,0.6667
149203,ItemCF,1,2804910,0.2887
149203,ItemCF,2,4839658,0.2863
149203,ItemCF,3,1648449,0.25
149376,UserCF,1,2216680,0.7628
149376,UserCF,2,4382233,0.5164
149376,UserCF,3,587994,0.5164
149376,ItemCF,1,1412214,0.3651
149376,ItemCF,2,2216680,0.2913
149376,ItemCF,3,4382233,0.2462
149411,UserCF,1,113528,0.6124
149411,UserCF,2,4013001,0.5
149411,UserCF,3,1864347,0.4082
149411,ItemCF,1,113528,0.5
149411,ItemCF,2,4013001,0.3333
149411,ItemCF,3,1080797,0.2357
149494,UserCF,1,3231778,0.9
149494,UserCF,2,4505717,0.8581
149494,UserCF,3,4870508,0.8485
149494,ItemCF,1,3231778,1.2481
149494,ItemCF,2,4785201,0.5883
149494,ItemCF,3,1643009,0.5883
149624,UserCF,1,1699547,1.5121
149624,UserCF,2,2667082,0.9428
149624,UserCF,3,2678214,0.5345
149624,ItemCF,1,1699547,0.3426
149624,ItemCF,2,2667082,0.2902
149624,ItemCF,3,1884224,0.2673
149792,UserCF,1,1964054,0.5601
149792,UserCF,2,4886911,0.5477
149792,UserCF,3,5075927,0.5222
149792,ItemCF,1,1964054,0.4815
149792,ItemCF,2,1532760,0.378
149792,ItemCF,3,2144759,0.3381
149939,UserCF,1,1692072,1.633
149939,UserCF,2,3160234,0.7416
149939,UserCF,3,84691,0.4629
149939,ItemCF,1,1692072,0.5521
149939,ItemCF,2,84691,0.3464
149939,ItemCF,3,3160234,0.2673
149944,UserCF,1,1232663,0.8536
149944,UserCF,2,2661210,0.6667
149944,UserCF,3,3844798,0.5
149944,ItemCF,1,1766010,0.2887
149944,ItemCF,2,1789637,0.2041
149944,ItemCF,3,2661210,0.1463
149962,UserCF,1,283410,0.8485
149962,UserCF,2,2055560,0.4045
149962,UserCF,3,1346583,0.4045
149962,ItemCF,1,283410,0.6794
149962,ItemCF,2,1346583,0.2236
149962,ItemCF,3,2055560,0.1806
150051,UserCF,1,1910706,0.686
150051,UserCF,2,4261030,0.5
150051,UserCF,3,4929966,0.5
150051,ItemCF,1,1910706,0.4
150051,ItemCF,2,4007568,0.2582
150051,ItemCF,3,2072383,0.2582
150112,UserCF,1,2414428,1.3887
150112,UserCF,2,2494944,0.8712
150112,UserCF,3,960014,0.6124
150112,ItemCF,1,2414428,0.5031
150112,ItemCF,2,1967498,0.3536
150112,ItemCF,3,3638094,0.2835
150113,UserCF,1,2565270,0.6708
150113,UserCF,2,365472,0.5883
150113,UserCF,3,5039082,0.4082
150113,ItemCF,1,233468,0.3162
150113,ItemCF,2,365472,0.2236
150113,ItemCF,3,3784551,0.2041
150141,UserCF,1,692510,1.0774
150141,UserCF,2,4110678,0.6325
150141,UserCF,3,1699547,0.5774
150141,ItemCF,1,4110678,0.3381
150141,ItemCF,2,439480,0.2673
150141,ItemCF,3,692510,0.1709
150238,UserCF,1,5150285,1.2
150238,UserCF,2,2397596,0.8485
150238,UserCF,3,4412516,0.6708
150238,ItemCF,1,5150285,0.6008
150238,ItemCF,2,2397596,0.5855
150238,ItemCF,3,4157274,0.4629
150253,UserCF,1,82790,0.7746
150253,UserCF,2,3591220,0.5774
150253,UserCF,3,4525122,0.5774
150253,ItemCF,1,82790,0.4523
150253,ItemCF,2,4525122,0.4082
150253,ItemCF,3,87843,0.3536
150296,UserCF,1,5118763,1.2247
150296,UserCF,2,2493770,0.7416
150296,UserCF,3,3513297,0.7303
150296,ItemCF,1,3513297,0.5443
150296,ItemCF,2,5118763,0.5196
150296,ItemCF,3,295057,0.3536
150374,UserCF,1,890126,0.8326
150374,UserCF,2,5024842,0.7201
150374,UserCF,3,3139742,0.5859
150374,ItemCF,1,5024842,0.5392
150374,ItemCF,2,2271370,0.3873
150374,ItemCF,3,3096889,0.3645
150382,UserCF,1,3669736,0.5601
150382,UserCF,2,1808205,0.5477
150382,UserCF,3,365472,0.5222
150382,ItemCF,1,4234315,0.3062
150382,ItemCF,2,1209018,0.2887
150382,ItemCF,3,3669736,0.252
150407,UserCF,1,895163,1.0
150407,UserCF,2,1692072,0.6708
150407,UserCF,3,4253629,0.6396
150407,ItemCF,1,895163,0.291
150407,ItemCF,2,1491477,0.2182
150407,ItemCF,3,3356614,0.2182
150414,UserCF,1,5057288,0.5477
150414,UserCF,2,1419243,0.5477
150414,UserCF,3,3810981,0.4082
150414,ItemCF,1,4757450,0.2887
150414,ItemCF,2,2019056,0.2887
150414,ItemCF,3,4577122,0.2357
